,http://wiki.seeed.cc/How_to_choos_A_Gas_Sensor/,
,http://wiki.seeed.cc/Project_Three-Analog_Input/,
,http://wiki.seeed.cc/README/,
0.5w Solar Panel 55*70,http://wiki.seeed.cc/0.5w_Solar_Panel_55x70/,http://wiki.seeedstudio.com/wiki/0.5w Solar Panel 55*70
1.5W Solar Panel 81*137,http://wiki.seeed.cc/1.5W_Solar_Panel_81x137/,http://wiki.seeedstudio.com/wiki/1.5W Solar Panel 81*137
125Khz RFID module - UART,http://wiki.seeed.cc/125Khz_RFID_module-UART/,http://wiki.seeedstudio.com/wiki/125Khz RFID module - UART
13.56Mhz RFID module - IOS/IEC 14443 type a,http://wiki.seeed.cc/13.56Mhz_RFID_module-IOS-IEC_14443_type_a/,http://wiki.seeedstudio.com/wiki/13.56Mhz RFID module - IOS/IEC 14443 type a
1w Solar Panel 80*100,http://wiki.seeed.cc/1w_Solar_Panel_80x100/,http://wiki.seeedstudio.com/wiki/1w Solar Panel 80*100
2.5W Solar Panel 116*160,http://wiki.seeed.cc/2.5W_Solar_Panel_116x160/,http://wiki.seeedstudio.com/wiki/2.5W Solar Panel 116*160
2.8'' TFT Touch Shield v2.0,http://wiki.seeed.cc/2.8inch_TFT_Touch_Shield_v2.0/,http://wiki.seeedstudio.com/wiki/2.8''_TFT_Touch_Shield_v2.0
2.8inch TFT Touch Shield V1.0,http://wiki.seeed.cc/2.8inch-TFT_Touch_Shield_V1.0/,http://wiki.seeedstudio.com/wiki/2.8inch-TFT_Touch_Shield_V1.0
2KM Long Range RF link kits w/ encoder and decoder,http://wiki.seeed.cc/2KM_Long_Range_RF_link_kits_w_encoder_and_decoder/,http://wiki.seeedstudio.com/wiki/2KM Long Range RF link kits w/ encoder and decoder
3.6V Micro hydro generator,http://wiki.seeed.cc/3.6V_Micro_hydro_generator/,http://wiki.seeedstudio.com/wiki/3.6V Micro hydro generator
315MHz Simple RF Link Kit,http://wiki.seeed.cc/315MHz_Simple_RF_Link_Kit/,http://wiki.seeedstudio.com/wiki/315MHz Simple RF Link Kit
315Mhz RF link kit,http://wiki.seeed.cc/315Mhz_RF_link_kit/,http://wiki.seeedstudio.com/wiki/315Mhz RF link kit
315Mhz Wireless car key fob with key chain,http://wiki.seeed.cc/315Mhz_Wireless_car_key_fob_with_key_chain/,http://wiki.seeedstudio.com/wiki/315Mhz Wireless car key fob with key chain
315Mhz remote relay switch kits - 2 channels,http://wiki.seeed.cc/315Mhz_remote_relay_switch_kits-2_channels/,http://wiki.seeedstudio.com/wiki/315Mhz remote relay switch kits - 2 channels
3W Solar Panel 138*160,http://wiki.seeed.cc/3W_Solar_Panel_138x160/,http://wiki.seeedstudio.com/wiki/3W Solar Panel 138*160
404 - Page Not Found,http://wiki.seeed.cc/404/,
433Mhz RF Link Kit,http://wiki.seeed.cc/433Mhz_RF_Link_Kit/,http://wiki.seeedstudio.com/wiki/433Mhz RF Link Kit
4A Motor Shield,http://wiki.seeed.cc/4A_Motor_Shield/,http://wiki.seeedstudio.com/wiki/4A_Motor_Shield
4WD Driver Platform V1.0,http://wiki.seeed.cc/4WD_Driver_Platform_V1.0/,http://wiki.seeedstudio.com/wiki/4WD Driver Platform V1.0
4WD Mecanum Wheel Robot Kit Series,http://wiki.seeed.cc/4WD_Mecanum_Wheel_Robot_Kit_Series/,http://wiki.seeedstudio.com/wiki/4WD Mecanum Wheel Robot Kit Series
5V-3.3V Breadboard Power Supply v1.1,http://wiki.seeed.cc/5V-3.3V_Breadboard_Power_Supply_v1.1/,http://wiki.seeedstudio.com/wiki/5V-3.3V_Breadboard_Power_Supply_v1.1
5V/3.3V Breadboard Power Supply‏‎,http://wiki.seeed.cc/5V-3.3V_Breadboard_Power_Supply/,http://wiki.seeedstudio.com/wiki/5V/3.3V_Breadboard_Power_Supply‏‎
A Comparison of Different Grove Temperature Sensors,http://wiki.seeed.cc/A_Comparison_of_Different_Grove_Temperature_Sensors/,
A Handy Serial Library,http://wiki.seeed.cc/A_Handy_Serial_Library/,http://wiki.seeedstudio.com/wiki/A Handy Serial Library
AT Command Tester,http://wiki.seeed.cc/AT_Command_Tester/,http://wiki.seeedstudio.com/wiki/AT Command Tester
AT Command Tester Application,http://wiki.seeed.cc/AT_Command_Tester_Application/,http://wiki.seeedstudio.com/wiki/AT Command Tester Application
AVR USB Programmer,http://wiki.seeed.cc/AVR_USB_Programmer/,http://wiki.seeedstudio.com/wiki/AVR USB Programmer
About Seeeed,http://wiki.seeed.cc/About/,
Adjustable DC - DC Power Converter(1V - 12V1.5A),http://wiki.seeed.cc/Adjustable_DC_DC_Power_Converter_1V-12V-1.5A/,http://wiki.seeedstudio.com/wiki/Adjustable DC - DC Power Converter(1V - 12V1.5A)
Arch BLE,http://wiki.seeed.cc/Arch_BLE/,http://wiki.seeedstudio.com/wiki/Arch_BLE
Arch GPRS,http://wiki.seeed.cc/Arch_GPRS/,http://wiki.seeedstudio.com/wiki/Arch_GPRS
Arch GPRS V2,http://wiki.seeed.cc/Arch_GPRS_V2/,http://wiki.seeedstudio.com/wiki/Arch_GPRS_V2
Arch Link,http://wiki.seeed.cc/Arch_Link/,http://wiki.seeedstudio.com/wiki/Arch_Link
Arch Max v1.1,http://wiki.seeed.cc/Arch_Max_v1.1/,http://wiki.seeedstudio.com/wiki/Arch_Max_v1.1
Arch Max‏‎,http://wiki.seeed.cc/Arch_Max/,http://wiki.seeedstudio.com/wiki/Arch_Max‏‎
Arch Pro,http://wiki.seeed.cc/Arch_Pro/,http://wiki.seeedstudio.com/wiki/Arch_Pro
Arch V1.1,http://wiki.seeed.cc/Arch_V1.1/,http://wiki.seeedstudio.com/wiki/Arch_V1.1
Arduino Breakout for LinkIt Smart 7688 Duo,http://wiki.seeed.cc/Arduino_Breakout_for_LinkIt_Smart_7688_Duo/,http://wiki.seeedstudio.com/wiki/Arduino Breakout for LinkIt Smart 7688 Duo
Arduino Common Error,http://wiki.seeed.cc/Arduino_Common_Error/,http://wiki.seeedstudio.com/wiki/Arduino Common Error
Arduino IDE for RePhone Kit,http://wiki.seeed.cc/Arduino_IDE_for_RePhone_Kit/,http://wiki.seeedstudio.com/wiki/Arduino_IDE_for_RePhone_Kit
Arduino Introduction,http://wiki.seeed.cc/Arduino/,
Arduino Software I2C user guide,http://wiki.seeed.cc/Arduino_Software_I2C_user_guide/,http://wiki.seeedstudio.com/wiki/Arduino Software I2C user guide
Atom Node,http://wiki.seeed.cc/Atom_Node/,http://wiki.seeedstudio.com/wiki/Atom Node
BLE (dual) Bee v1.0,http://wiki.seeed.cc/BLE_dual_Bee_v1.0/,http://wiki.seeedstudio.com/wiki/BLE (dual) Bee v1.0
BLE Bee,http://wiki.seeed.cc/BLE_Bee/,http://wiki.seeedstudio.com/wiki/BLE_Bee
BLE Carbon,http://wiki.seeed.cc/BLE_Carbon/,
BLE Micro,http://wiki.seeed.cc/BLE_Micro/,http://wiki.seeedstudio.com/wiki/BLE Micro
BLE Nitrogen,http://wiki.seeed.cc/BLE_Nitrogen/,
Base Shield V2,http://wiki.seeed.cc/Base_Shield_V2/,
Basic Fastener Kit,http://wiki.seeed.cc/Basic_Fastener_Kit/,http://wiki.seeedstudio.com/wiki/Basic Fastener Kit
Battery Detector with Polymer Lithium Ion 1050mAh 3.7V,http://wiki.seeed.cc/Battery_Detector_with_Polymer_Lithium_Ion_1050mAh_3.7V/,http://wiki.seeedstudio.com/wiki/Battery_Detector_with_Polymer_Lithium_Ion_1050mAh_3.7V
Battery Detector with Polymer Lithium Ion 5100mAh 3.8V,http://wiki.seeed.cc/Battery_Detector_with_Polymer_Lithium_Ion_5100mAh_3.8V/,http://wiki.seeedstudio.com/wiki/Battery_Detector_with_Polymer_Lithium_Ion_5100mAh_3.8V
Battery kit 3.7V 520mAh,http://wiki.seeed.cc/Battery_kit_3.7V_520_mAh/,http://wiki.seeedstudio.com/wiki/Battery_kit-3.7V_520_mAh
Beagle Bone Green and Grove IoT Starter Kit Powered by AWS,http://wiki.seeed.cc/Beagle_Bone_Green_and_Grove_IoT_Starter_Kit_Powered_by_AWS/,http://wiki.seeedstudio.com/wiki/Beagle_Bone_Green_and_Grove_IoT_Starter_Kit_Powered_by_AWS
BeagleBone Case,http://wiki.seeed.cc/Beaglebone_Case/,http://wiki.seeedstudio.com/wiki/BeagleBone Case
BeagleBone Green,http://wiki.seeed.cc/BeagleBone_Green/,http://wiki.seeedstudio.com/wiki/BeagleBone_Green
BeagleBone Green HDMI Cape,http://wiki.seeed.cc/BeagleBone_Green_HDMI_Cape/,http://wiki.seeedstudio.com/wiki/BeagleBone_Green_HDMI_Cape
BeagleBone Green Wireless,http://wiki.seeed.cc/BeagleBone_Green_Wireless/,http://wiki.seeedstudio.com/wiki/SeeedStudio_BeagleBone_Green_Wireless
BeagleBone Introduction,http://wiki.seeed.cc/BeagleBone/,
Bees Shield,http://wiki.seeed.cc/Bees_Shield/,http://wiki.seeedstudio.com/wiki/Bees Shield
Bicycle Dynamo With Bracket - 6V 3W,http://wiki.seeed.cc/Bicycle_Dynamo_With_Bracket-6V_3W/,http://wiki.seeedstudio.com/wiki/Bicycle Dynamo With Bracket - 6V 3W
Bluetooth Bee,http://wiki.seeed.cc/Bluetooth_Bee/,http://wiki.seeedstudio.com/wiki/Bluetooth_Bee
Bluetooth Bee v2.0,http://wiki.seeed.cc/Bluetooth_Bee_v2.0/,http://wiki.seeedstudio.com/wiki/Bluetooth Bee v2.0
Bluetooth Bee-Standalone,http://wiki.seeed.cc/Bluetooth_Bee_Standalone/,http://wiki.seeedstudio.com/wiki/Bluetooth Bee-Standalone
Bluetooth Multimeter,http://wiki.seeed.cc/Bluetooth_Multimeter/,http://wiki.seeedstudio.com/wiki/Bluetooth Multimeter
Bluetooth Shield V2.0,http://wiki.seeed.cc/Bluetooth_Shield_V2/,http://wiki.seeedstudio.com/wiki/Bluetooth Shield V2.0
Bluetooth Shield‏‎,http://wiki.seeed.cc/Bluetooth_Shield/,http://wiki.seeedstudio.com/wiki/Bluetooth_Shield‏‎
Bluetooth V4.0 HM-11 BLE Module,http://wiki.seeed.cc/Bluetooth_V4.0_HM_11_BLE_Module/,http://wiki.seeedstudio.com/wiki/Bluetooth V4.0 HM-11 BLE Module
Bracket for Infrared Proximity Sensor,http://wiki.seeed.cc/Bracket_for_Infrared_Proximity_Sensor/,http://wiki.seeedstudio.com/wiki/Bracket for Infrared Proximity Sensor
Breakout for LinkIt Smart 7688,http://wiki.seeed.cc/Breakout_for_LinkIt_Smart_7688/,http://wiki.seeedstudio.com/wiki/Breakout for LinkIt Smart 7688
Breakout for LinkIt Smart 7688 v2.0,http://wiki.seeed.cc/Breakout_for_LinkIt_Smart_7688_v2.0/,http://wiki.seeedstudio.com/wiki/Breakout for LinkIt Smart 7688 v2.0
Bugduino,http://wiki.seeed.cc/Bugduino/,http://wiki.seeedstudio.com/wiki/Bugduino
Bus Pirate v3 (assembled),http://wiki.seeed.cc/Bus_Pirate_v3_assembled/,http://wiki.seeedstudio.com/wiki/Bus Pirate v3 (assembled)
CAN-BUS Shield V1.2,http://wiki.seeed.cc/CAN-BUS_Shield_V1.2/,http://wiki.seeedstudio.com/wiki/CAN-BUS_Shield_V1.2
CAN-BUS Shield V2.0,http://wiki.seeed.cc/CAN-BUS_Shield_V2.0/,http://wiki.seeedstudio.com/wiki/CAN-BUS_Shield_V2.0
CUI32Stem,http://wiki.seeed.cc/CUI32Stem/,http://wiki.seeedstudio.com/wiki/CUI32Stem
Camera Shield,http://wiki.seeed.cc/Camera_Shield/,http://wiki.seeedstudio.com/wiki/Camera Shield
Capacitance Meter Kit,http://wiki.seeed.cc/Capacitance_Meter_Kit/,http://wiki.seeedstudio.com/wiki/Capacitance Meter Kit
Codec-Adaptive Wireless Relay,http://wiki.seeed.cc/Codec-Adaptive_Wireless_Relay/,http://wiki.seeedstudio.com/wiki/Codec-Adaptive Wireless Relay
DC framework miniature solenoid VL-0063,http://wiki.seeed.cc/DC_framework_miniature_solenoid_VL-0063/,http://wiki.seeedstudio.com/wiki/DC framework miniature solenoid VL-0063
DC framework solenoid HCNE1-0520,http://wiki.seeed.cc/DC_framework_solenoid_HCNE1-0520/,http://wiki.seeedstudio.com/wiki/DC framework solenoid HCNE1-0520
DC framework solenoid HCNE1-0630,http://wiki.seeed.cc/DC_framework_solenoid_HCNE1-0630/,http://wiki.seeedstudio.com/wiki/DC framework solenoid HCNE1-0630
DSO Nano,http://wiki.seeed.cc/DSO_Nano/,http://wiki.seeedstudio.com/wiki/DSO Nano
DSO Nano v3,http://wiki.seeed.cc/DSO_Nano_v3/,http://wiki.seeedstudio.com/wiki/DSO Nano v3
DSO Nano/Development,http://wiki.seeed.cc/DSO_Nano-Development/,http://wiki.seeedstudio.com/wiki/DSO Nano/Development
DSO Nano/OpenOCD gdb,http://wiki.seeed.cc/DSO_Nano-OpenOCD_gdb/,http://wiki.seeedstudio.com/wiki/DSO Nano/OpenOCD gdb
DSO Nano/Qemu gdb,http://wiki.seeed.cc/DSO_Nano-Qemu_gdb/,http://wiki.seeedstudio.com/wiki/DSO Nano/Qemu gdb
DSO Nano/gcc,http://wiki.seeed.cc/DSO_Nano-gcc/,http://wiki.seeedstudio.com/wiki/DSO Nano/gcc
DSO Quad,http://wiki.seeed.cc/DSO_Quad/,http://wiki.seeedstudio.com/wiki/DSO Quad
DSO Quad Manual (by the community),http://wiki.seeed.cc/DSO_Quad_Manual_by_the_community/,http://wiki.seeedstudio.com/wiki/DSO Quad Manual (by the community)
DSO Quad:Beta HW,http://wiki.seeed.cc/DSO_Quad-Beta_HW/,http://wiki.seeedstudio.com/wiki/DSO Quad:Beta HW
DSO Quad:Building Firmware,http://wiki.seeed.cc/DSO_Quad-Building_Firmware/,http://wiki.seeedstudio.com/wiki/DSO Quad:Building Firmware
DSO Quad:Calibration,http://wiki.seeed.cc/DSO_Quad-Calibration/,http://wiki.seeedstudio.com/wiki/DSO Quad:Calibration
Danger Shield Complete Kits,http://wiki.seeed.cc/Danger_Shield_Complete_Kits/,http://wiki.seeedstudio.com/wiki/Danger Shield Complete Kits
Dfu-util,http://wiki.seeed.cc/Dfu-util/,http://wiki.seeedstudio.com/wiki/Dfu-util
Discontinued Introduction,http://wiki.seeed.cc/Discontinued/,
Download Arduino and install Arduino driver,http://wiki.seeed.cc/Download_Arduino_and_install_Arduino_driver/,http://wiki.seeedstudio.com/wiki/Download Arduino and install Arduino driver
EL Shield,http://wiki.seeed.cc/EL_Shield/,http://wiki.seeedstudio.com/wiki/EL_Shield
ESP32 Breakout Kit,http://wiki.seeed.cc/ESP32_Breakout_Kit/,
Eclipse IDE for RePhone Kit,http://wiki.seeed.cc/Eclipse_IDE_for_RePhone_Kit/,http://wiki.seeedstudio.com/wiki/Eclipse IDE for RePhone Kit
Edison 4WD Auto Robotic Platform 2.0‏‎,http://wiki.seeed.cc/Edison_4WD_Auto_Robotic_Platform_2.0/,http://wiki.seeedstudio.com/wiki/Edison_4WD_Auto_Robotic_Platform_2.0‏‎
Edison_4WD_Auto_Robotic_Platform‏‎,http://wiki.seeed.cc/Edison_4WD_Auto_Robotic_Platform/,http://wiki.seeedstudio.com/wiki/Edison_4WD_Auto_Robotic_Platform‏‎
Energy Monitor Shield V0.9b‏‎,http://wiki.seeed.cc/Energy_Monitor_Shield_V0.9b/,http://wiki.seeedstudio.com/wiki/Energy_Monitor_Shield_V0.9b‏‎
Energy Shield,http://wiki.seeed.cc/Energy_Shield/,http://wiki.seeedstudio.com/wiki/Energy_Shield
Essentials Introduction,http://wiki.seeed.cc/Essentials/,
Ethernet Shield V1.0,http://wiki.seeed.cc/Ethernet_Shield_V1.0/,http://wiki.seeedstudio.com/wiki/Ethernet_Shield_V1.0
Ethernet Shield V2.0‏‎,http://wiki.seeed.cc/Ethernet_Shield_V2.0/,http://wiki.seeedstudio.com/wiki/Ethernet_Shield_V2.0‏‎
Ethernet Shield‏‎,http://wiki.seeed.cc/Ethernet_Shield/,http://wiki.seeedstudio.com/wiki/Ethernet_Shield‏‎
FM Receiver,http://wiki.seeed.cc/FM_Receiver/,
FSM-55,http://wiki.seeed.cc/FSM-55/,http://wiki.seeedstudio.com/wiki/FSM-55
FST-01,http://wiki.seeed.cc/FST-01/,http://wiki.seeedstudio.com/wiki/FST-01
Fubarino SD,http://wiki.seeed.cc/Fubarino_SD/,http://wiki.seeedstudio.com/wiki/Fubarino SD
G1" Water Flow Sensor,http://wiki.seeed.cc/G1_Water_Flow_Sensor/,http://wiki.seeedstudio.com/wiki/G1" Water Flow Sensor
G1&2" Water Flow Sensor,http://wiki.seeed.cc/G1_and_2_inch_Water_Flow_Sensor/,http://wiki.seeedstudio.com/wiki/G1/2 Water Flow sensor
G1'1/4 Water Flow sensor,http://wiki.seeed.cc/G1-1-4_Water_Flow_sensor/,http://wiki.seeedstudio.com/wiki/G1'1/4 Water Flow sensor
G1/8" Water Flow Sensor,http://wiki.seeed.cc/G1-8_Water_Flow_Sensor/,http://wiki.seeedstudio.com/wiki/G1/8" Water Flow Sensor
G3/4 Water Flow sensor,http://wiki.seeed.cc/G3-4_Water_Flow_sensor/,http://wiki.seeedstudio.com/wiki/G3/4 Water Flow sensor
GPRS Shield V1.0,http://wiki.seeed.cc/GPRS_Shield_v1.0/,http://wiki.seeedstudio.com/wiki/GPRS Shield V1.0
GPRS Shield V2.0,http://wiki.seeed.cc/GPRS_Shield_V2.0/,http://wiki.seeedstudio.com/wiki/GPRS Shield V2.0
GPRS Shield V3.0,http://wiki.seeed.cc/GPRS_Shield_V3.0/,http://wiki.seeedstudio.com/wiki/GPRS Shield V3.0
GPRS Shield‏‎,http://wiki.seeed.cc/GPRS-Shield/,http://wiki.seeedstudio.com/wiki/GPRS-Shield‏‎
GPS Bee kit,http://wiki.seeed.cc/GPS_Bee_kit/,http://wiki.seeedstudio.com/wiki/GPS Bee kit
Galileo Case,http://wiki.seeed.cc/Galileo_Case/,http://wiki.seeedstudio.com/wiki/Galileo Case
Getting Started with Seeeduino,http://wiki.seeed.cc/Getting_Started_with_Seeeduino/,http://wiki.seeedstudio.com/wiki/Getting Started with Seeeduino
Grove - 125KHz RFID Reader,http://wiki.seeed.cc/Grove-125KHz_RFID_Reader/,http://wiki.seeedstudio.com/wiki/Grove_-_125KHz_RFID_Reader
Grove - 2-Coil Latching Relay,http://wiki.seeed.cc/Grove-2-Coil_Latching_Relay/,http://wiki.seeedstudio.com/wiki/Grove_-_2-Coil_Latching_Relay
Grove - 3 Axis Digital Accelerometer(±16g),http://wiki.seeed.cc/Grove-3-Axis_Digital_Accelerometer-16g/,http://wiki.seeedstudio.com/wiki/Grove - 3 Axis Digital Accelerometer(±16g)
Grove - 3-Axis Analog Accelerometer,http://wiki.seeed.cc/Grove-3-Axis_Analog_Accelerometer/,http://wiki.seeedstudio.com/wiki/Grove_-_3-Axis_Analog_Accelerometer
Grove - 3-Axis Compass V1.0,http://wiki.seeed.cc/Grove-3-Axis_Compass_V1.0/,http://wiki.seeedstudio.com/wiki/Grove_-_3-Axis_Compass_V1.0
Grove - 3-Axis Digital Accelerometer(±1.5g),http://wiki.seeed.cc/Grove-3-Axis_Digital_Accelerometer-1.5g/,http://wiki.seeedstudio.com/wiki/Grove_-_3-Axis_Digital_Accelerometer(±1.5g)
Grove - 3-Axis Digital Accelerometer(±400g),http://wiki.seeed.cc/Grove-3-Axis_Digital_Accelerometer-400g/,http://wiki.seeedstudio.com/wiki/Grove_-_3-Axis_Digital_Accelerometer(±400g)
Grove - 3-Axis Digital Gyro,http://wiki.seeed.cc/Grove-3-Axis_Digital_Gyro/,http://wiki.seeedstudio.com/wiki/Grove_-_3-Axis_Digital_Gyro
Grove - 315MHz RF Kit,http://wiki.seeed.cc/Grove-315MHz_RF_Kit/,http://wiki.seeedstudio.com/wiki/Grove_-_315MHz_RF_Kit
Grove - 4-Digit Display,http://wiki.seeed.cc/Grove-4-Digit_Display/,http://wiki.seeedstudio.com/wiki/Grove_-_4-Digit_Display
Grove - 433MHz Simple RF Link Kit,http://wiki.seeed.cc/Grove-433MHz_Simple_RF_Link_Kit/,http://wiki.seeedstudio.com/wiki/Grove_-_433MHz_Simple_RF_Link_Kit
Grove - 6-Axis Accelerometer&Compass V2.0,http://wiki.seeed.cc/Grove-6-Axis_AccelerometerAndCompass_V2.0/,http://wiki.seeedstudio.com/wiki/Grove_-_6-Axis_Accelerometer&Compass_V2.0
Grove - 6-Axis Accelerometer&Gyroscope,http://wiki.seeed.cc/Grove-6-Axis_AccelerometerAndGyroscope/,http://wiki.seeedstudio.com/wiki/Grove_-_6-Axis_Accelerometer&Gyroscope
Grove - 80cm Infrared Proximity Sensor,http://wiki.seeed.cc/Grove-80cm_Infrared_Proximity_Sensor/,http://wiki.seeedstudio.com/wiki/Grove_-_80cm_Infrared_Proximity_Sensor
Grove - AND,http://wiki.seeed.cc/Grove-AND/,http://wiki.seeedstudio.com/wiki/Grove - AND
Grove - Actuator,http://wiki.seeed.cc/Actuator/,
Grove - Air Quality Sensor v1.3,http://wiki.seeed.cc/Grove-Air_Quality_Sensor_v1.3/,http://wiki.seeedstudio.com/wiki/Grove - Air Quality Sensor v1.3
Grove - Alcohol Sensor,http://wiki.seeed.cc/Grove-Alcohol_Sensor/,http://wiki.seeedstudio.com/wiki/Grove_-_Alcohol_Sensor
Grove - BLE (dual model) v1.0,http://wiki.seeed.cc/Grove-BLE-dual_model-v1.0/,http://wiki.seeedstudio.com/wiki/Grove_-_BLE_(dual_model)_v1.0
Grove - Barometer (High-Accuracy),http://wiki.seeed.cc/Grove-Barometer-High-Accuracy/,http://wiki.seeedstudio.com/wiki/Grove_-_Barometer_(High-Accuracy)
Grove - Barometer Sensor,http://wiki.seeed.cc/Grove-Barometer_Sensor/,http://wiki.seeedstudio.com/wiki/Grove_-_Barometer_Sensor
Grove - Barometer Sensor (BMP180),http://wiki.seeed.cc/Grove-Barometer_Sensor-BMP180/,http://wiki.seeedstudio.com/wiki/Grove_-_Barometer_Sensor_(BMP180)
Grove - Barometer Sensor (BMP280),http://wiki.seeed.cc/Grove-Barometer_Sensor-BMP280/,http://wiki.seeedstudio.com/wiki/Grove_-_Barometer_Sensor_(BMP280)
Grove - Barometer Sensor(BME280),http://wiki.seeed.cc/Grove-Barometer_Sensor-BME280/,http://wiki.seeedstudio.com/wiki/Grove_-_Barometer_Sensor(BME280)
Grove - Base Shield for IOIO-OTG,http://wiki.seeed.cc/Grove-Base_Shield_for_IOIO-OTG/,http://wiki.seeedstudio.com/wiki/Grove - Base Shield for IOIO-OTG
Grove - Bee Socket,http://wiki.seeed.cc/Grove-Bee_Socket/,http://wiki.seeedstudio.com/wiki/Grove - Bee Socket
Grove - Button,http://wiki.seeed.cc/Grove-Button/,http://wiki.seeedstudio.com/wiki/Grove - Button
Grove - Buzzer,http://wiki.seeed.cc/Grove-Buzzer/,http://wiki.seeedstudio.com/wiki/Grove - Buzzer
Grove - CO2 Sensor,http://wiki.seeed.cc/Grove-CO2_Sensor/,http://wiki.seeedstudio.com/wiki/Grove_-_CO2_Sensor
Grove - Chainable RGB LED,http://wiki.seeed.cc/Grove-Chainable_RGB_LED/,http://wiki.seeedstudio.com/wiki/Grove_-_Chainable_RGB_LED
Grove - Chest Strap Heart Rate Sensor,http://wiki.seeed.cc/Grove-Chest_Strap_Heart_Rate_Sensor/,http://wiki.seeedstudio.com/wiki/Grove_-_Chest_Strap_Heart_Rate_Sensor
Grove - Circular LED,http://wiki.seeed.cc/Grove-Circular_LED/,http://wiki.seeedstudio.com/wiki/Grove - Circular LED
Grove - Collision Sensor,http://wiki.seeed.cc/Grove-Collision_Sensor/,http://wiki.seeedstudio.com/wiki/Grove_-_Collision_Sensor
Grove - Communication,http://wiki.seeed.cc/Communication/,
Grove - DC Jack Power,http://wiki.seeed.cc/Grove-DC_Jack_Power/,http://wiki.seeedstudio.com/wiki/Grove - DC Jack Power
Grove - DMX512,http://wiki.seeed.cc/Grove-DMX512/,http://wiki.seeedstudio.com/wiki/Grove - DMX512
Grove - Differential Amplifier v1.0,http://wiki.seeed.cc/Grove-Differential_Amplifier_v1.0/,http://wiki.seeedstudio.com/wiki/Grove - Differential Amplifier v1.0
Grove - Differential Amplifier v1.2,http://wiki.seeed.cc/Grove-Differential_Amplifier_v1.2/,http://wiki.seeedstudio.com/wiki/Grove_-_Differential_Amplifier_v1.2
Grove - Digital Infrared Temperature Sensor,http://wiki.seeed.cc/Grove-Digital_Infrared_Temperature_Sensor/,http://wiki.seeedstudio.com/wiki/Grove_-_Digital_Infrared_Temperature_Sensor
Grove - Digital Light Sensor,http://wiki.seeed.cc/Grove-Digital_Light_Sensor/,http://wiki.seeedstudio.com/wiki/Grove_-_Digital_Light_Sensor
Grove - Display,http://wiki.seeed.cc/Display/,
Grove - Dry-Reed Relay,http://wiki.seeed.cc/Grove-Dry-Reed_Relay/,http://wiki.seeedstudio.com/wiki/Grove_-_Dry-Reed_Relay
Grove - Dust Sensor,http://wiki.seeed.cc/Grove-Dust_Sensor/,http://wiki.seeedstudio.com/wiki/Grove - Dust Sensor
Grove - EL Driver,http://wiki.seeed.cc/Grove-EL_Driver/,http://wiki.seeedstudio.com/wiki/Grove_-_EL_Driver
Grove - EMG Detector,http://wiki.seeed.cc/Grove-EMG_Detector/,http://wiki.seeedstudio.com/wiki/Grove_-_EMG_Detector
Grove - Ear-clip Heart Rate Sensor,http://wiki.seeed.cc/Grove-Ear-clip_Heart_Rate_Sensor/,http://wiki.seeedstudio.com/wiki/Grove_-_Ear-clip_Heart_Rate_Sensor
Grove - Electricity Sensor,http://wiki.seeed.cc/Grove-Electricity_Sensor/,http://wiki.seeedstudio.com/wiki/Grove_-_Electricity_Sensor
Grove - Electromagnet,http://wiki.seeed.cc/Grove-Electromagnet/,http://wiki.seeedstudio.com/wiki/Grove_-_Electromagnet
Grove - FM Receiver,http://wiki.seeed.cc/Grove-FM_Receiver/,http://wiki.seeedstudio.com/wiki/Grove_-_FM_Receiver
Grove - Finger-clip Heart Rate Sensor,http://wiki.seeed.cc/Grove-Finger-clip_Heart_Rate_Sensor/,http://wiki.seeedstudio.com/wiki/Grove - Finger-clip Heart Rate Sensor
Grove - Finger-clip Heart Rate Sensor with shell,http://wiki.seeed.cc/Grove-Finger-clip_Heart_Rate_Sensor_with_shell/,http://wiki.seeedstudio.com/wiki/Grove - Finger-clip Heart Rate Sensor with shell
Grove - Fingerprint Sensor,http://wiki.seeed.cc/Grove-Fingerprint_Sensor/,http://wiki.seeedstudio.com/wiki/Grove_-_Fingerprint_Sensor
Grove - Flame Sensor,http://wiki.seeed.cc/Grove-Flame_Sensor/,http://wiki.seeedstudio.com/wiki/Grove_-_Flame_Sensor
Grove - GPS,http://wiki.seeed.cc/Grove-GPS/,http://wiki.seeedstudio.com/wiki/Grove_-_GPS
Grove - GSR Sensor,http://wiki.seeed.cc/Grove-GSR_Sensor/,http://wiki.seeedstudio.com/wiki/Grove_-_GSR_Sensor
Grove - Gas Sensor,http://wiki.seeed.cc/Grove-Gas_Sensor/,http://wiki.seeedstudio.com/wiki/Grove_-_Gas_Sensor
Grove - Gas Sensor(MQ2),http://wiki.seeed.cc/Grove-Gas_Sensor-MQ2/,http://wiki.seeedstudio.com/wiki/Grove_-_Gas_Sensor(MQ2)
Grove - Gas Sensor(MQ3),http://wiki.seeed.cc/Grove-Gas_Sensor-MQ3/,http://wiki.seeedstudio.com/wiki/Grove_-_Gas_Sensor(MQ3)
Grove - Gas Sensor(MQ5),http://wiki.seeed.cc/Grove-Gas_Sensor-MQ5/,http://wiki.seeedstudio.com/wiki/Grove_-_Gas_Sensor(MQ5)
Grove - Gas Sensor(MQ9),http://wiki.seeed.cc/Grove-Gas_Sensor-MQ9/,http://wiki.seeedstudio.com/wiki/Grove_-_Gas_Sensor(MQ9)
Grove - Gas Sensor(O₂),http://wiki.seeed.cc/Grove-Gas_Sensor-O2/,http://wiki.seeedstudio.com/wiki/Grove_-_Gas_Sensor(O₂)
Grove - Gesture V1.0,http://wiki.seeed.cc/Grove-Gesture_v1.0/,http://wiki.seeedstudio.com/wiki/Grove - Gesture V1.0
Grove - HCHO Sensor,http://wiki.seeed.cc/Grove-HCHO_Sensor/,http://wiki.seeedstudio.com/wiki/Grove_-_HCHO_Sensor
Grove - Hall Sensor,http://wiki.seeed.cc/Grove-Hall_Sensor/,http://wiki.seeedstudio.com/wiki/Grove_-_Hall_Sensor
Grove - Haptic Motor,http://wiki.seeed.cc/Grove-Haptic_Motor/,http://wiki.seeedstudio.com/wiki/Grove_-_Haptic_Motor
Grove - Heelight Sensor,http://wiki.seeed.cc/Grove-Heelight_Sensor/,
Grove - High Precision RTC,http://wiki.seeed.cc/Grove_High_Precision_RTC/,http://wiki.seeedstudio.com/wiki/Grove - High Precision RTC
Grove - High Temperature Sensor,http://wiki.seeed.cc/Grove-High_Temperature_Sensor/,http://wiki.seeedstudio.com/wiki/Grove_-_High_Temperature_Sensor
Grove - I2C ADC,http://wiki.seeed.cc/Grove-I2C_ADC/,http://wiki.seeedstudio.com/wiki/Grove_-_I2C_ADC
Grove - I2C Color Sensor,http://wiki.seeed.cc/Grove-I2C_Color_Sensor/,http://wiki.seeedstudio.com/wiki/Grove_-_I2C_Color_Sensor
Grove - I2C FM Receiver,http://wiki.seeed.cc/Grove-I2C_FM_Receiver/,http://wiki.seeedstudio.com/wiki/Grove_-_I2C_FM_Receiver
Grove - I2C Hub,http://wiki.seeed.cc/Grove-I2C_Hub/,http://wiki.seeedstudio.com/wiki/Grove_-_I2C_Hub
Grove - I2C Motor Driver,http://wiki.seeed.cc/Grove-I2C_Motor_Driver/,http://wiki.seeedstudio.com/wiki/Grove_-_I2C_Motor_Driver
Grove - I2C Motor Driver V1.2,http://wiki.seeed.cc/Grove-I2C_Motor_Driver_V1.2/,http://wiki.seeedstudio.com/wiki/Grove - I2C Motor Driver V1.2
Grove - I2C Motor Driver V1.3,http://wiki.seeed.cc/Grove-I2C_Motor_Driver_V1.3/,http://wiki.seeedstudio.com/wiki/Grove_-_I2C_Motor_Driver_V1.3
Grove - I2C Touch Sensor,http://wiki.seeed.cc/Grove-I2C_Touch_Sensor/,http://wiki.seeedstudio.com/wiki/Grove_-_I2C_Touch_Sensor
Grove - IMU 10DOF,http://wiki.seeed.cc/Grove-IMU_10DOF/,http://wiki.seeedstudio.com/wiki/Grove_-_IMU_10DOF
Grove - IMU 10DOF v2.0,http://wiki.seeed.cc/Grove-IMU_10DOF_v2.0/,
Grove - IMU 9DOF v2.0,http://wiki.seeed.cc/Grove-IMU_9DOF_v2.0/,http://wiki.seeedstudio.com/wiki/Grove_-_IMU_9DOF_v2.0
Grove - IR Distance Interrupter v1.2,http://wiki.seeed.cc/Grove-IR_Distance_Interrupter_v1.2/,http://wiki.seeedstudio.com/wiki/Grove_-_IR_Distance_Interrupter_v1.2
Grove - Infrared Emitter,http://wiki.seeed.cc/Grove-Infrared_Emitter/,http://wiki.seeedstudio.com/wiki/Grove_-_Infrared_Emitter
Grove - Infrared Receiver,http://wiki.seeed.cc/Grove-Infrared_Receiver/,http://wiki.seeedstudio.com/wiki/Grove_-_Infrared_Receiver
Grove - Infrared Reflective Sensor,http://wiki.seeed.cc/Grove-Infrared_Reflective_Sensor/,http://wiki.seeedstudio.com/wiki/Grove_-_Infrared_Reflective_Sensor
Grove - Infrared Temperature Sensor,http://wiki.seeed.cc/Grove-Infrared_Temperature_Sensor/,http://wiki.seeedstudio.com/wiki/Grove_-_Infrared_Temperature_Sensor
Grove - Joint v2.0,http://wiki.seeed.cc/Grove-Joint_v2.0/,http://wiki.seeedstudio.com/wiki/Grove - Joint v2.0
Grove - LCD RGB Backlight,http://wiki.seeed.cc/Grove-LCD_RGB_Backlight/,http://wiki.seeedstudio.com/wiki/Grove_-_LCD_RGB_Backlight
Grove - LED Bar,http://wiki.seeed.cc/Grove-LED_Bar/,http://wiki.seeedstudio.com/wiki/Grove_-_LED_Bar
Grove - LED Matrix Driver v1.0,http://wiki.seeed.cc/Grove-LED_Matrix_Driver_v1.0/,http://wiki.seeedstudio.com/wiki/Grove_-_LED_Matrix_Driver_v1.0
Grove - LED Socket Kit,http://wiki.seeed.cc/Grove-LED_Socket_Kit/,http://wiki.seeedstudio.com/wiki/Grove - LED Socket Kit
Grove - LED String Light,http://wiki.seeed.cc/Grove-LED_String_Light/,http://wiki.seeedstudio.com/wiki/Grove - LED String Light
Grove - LED Strip Driver,http://wiki.seeed.cc/Grove-LED_Strip_Driver/,http://wiki.seeedstudio.com/wiki/Grove - LED Strip Driver
Grove - Light Sensor,http://wiki.seeed.cc/Grove-Light_Sensor/,http://wiki.seeedstudio.com/wiki/Grove_-_Light_Sensor
Grove - Line Finder,http://wiki.seeed.cc/Grove-Line_Finder/,http://wiki.seeedstudio.com/wiki/Grove - Line Finder
Grove - LoRa Radio,http://wiki.seeed.cc/Grove_LoRa_Radio/,http://wiki.seeedstudio.com/wiki/Grove - LoRa Radio
Grove - Loudness Sensor,http://wiki.seeed.cc/Grove-Loudness_Sensor/,http://wiki.seeedstudio.com/wiki/Grove_-_Loudness_Sensor
Grove - Luminance Sensor,http://wiki.seeed.cc/Grove-Luminance_Sensor/,http://wiki.seeedstudio.com/wiki/Grove_-_Luminance_Sensor
Grove - MOSFET,http://wiki.seeed.cc/Grove-MOSFET/,http://wiki.seeedstudio.com/wiki/Grove_-_MOSFET
Grove - MP3 v2.0,http://wiki.seeed.cc/Grove-MP3_v2.0/,http://wiki.seeedstudio.com/wiki/Grove_-_MP3_v2.0
Grove - Magnetic Switch,http://wiki.seeed.cc/Grove-Magnetic_Switch/,http://wiki.seeedstudio.com/wiki/Grove_-_Magnetic_Switch
Grove - Mega Shield,http://wiki.seeed.cc/Grove-Mega_Shield/,http://wiki.seeedstudio.com/wiki/Grove - Mega Shield
Grove - Mini Camera,http://wiki.seeed.cc/Grove-Mini_Camera/,http://wiki.seeedstudio.com/wiki/Grove_-_Mini_Camera
Grove - Mini Fan,http://wiki.seeed.cc/Grove-Mini_Fan/,http://wiki.seeedstudio.com/wiki/Grove - Mini Fan
Grove - Mini I2C Motor Driver v1.0,http://wiki.seeed.cc/Grove-Mini_I2C_Motor_Driver_v1.0/,http://wiki.seeedstudio.com/wiki/Grove_-_Mini_I2C_Motor_Driver_v1.0
Grove - Mini Track Ball,http://wiki.seeed.cc/Grove-Mini_Track_Ball/,http://wiki.seeedstudio.com/wiki/Grove_-_Mini_Track_Ball
Grove - Mixer Pack V2,http://wiki.seeed.cc/Grove-Mixer_Pack_V2/,http://wiki.seeedstudio.com/wiki/Grove - Mixer Pack V2
Grove - Moisture Sensor,http://wiki.seeed.cc/Grove-Moisture_Sensor/,http://wiki.seeedstudio.com/wiki/Grove - Moisture Sensor
Grove - Mouse Encoder,http://wiki.seeed.cc/Grove-Mouse_Encoder/,http://wiki.seeedstudio.com/wiki/Grove_-_Mouser_Encoder
Grove - Multichannel Gas Sensor,http://wiki.seeed.cc/Grove-Multichannel_Gas_Sensor/,http://wiki.seeedstudio.com/wiki/Grove_-_Multichannel_Gas_Sensor
Grove - NFC,http://wiki.seeed.cc/Grove-NFC/,http://wiki.seeedstudio.com/wiki/Grove_-_NFC
Grove - NFC Tag,http://wiki.seeed.cc/Grove-NFC_Tag/,http://wiki.seeedstudio.com/wiki/Grove_-_NFC_Tag
Grove - NOT,http://wiki.seeed.cc/Grove-NOT/,http://wiki.seeedstudio.com/wiki/Grove - NOT
Grove - Node,http://wiki.seeed.cc/Grove-Node/,http://wiki.seeedstudio.com/wiki/Grove - Node
Grove - NunChuck,http://wiki.seeed.cc/Grove-NunChuck/,http://wiki.seeedstudio.com/wiki/Grove - NunChuck
Grove - OLED Display 0.96 inch,http://wiki.seeed.cc/Grove-OLED_Display_0.96inch/,http://wiki.seeedstudio.com/wiki/Grove - OLED Display 0.96"
Grove - OLED Display 1.12",http://wiki.seeed.cc/Grove-OLED_Display_1.12inch/,http://wiki.seeedstudio.com/wiki/Grove_-_OLED_Display_1.12"
Grove - OR,http://wiki.seeed.cc/Grove-OR/,http://wiki.seeedstudio.com/wiki/Grove - OR
Grove - PH Sensor,http://wiki.seeed.cc/Grove-PH_Sensor/,http://wiki.seeedstudio.com/wiki/Grove - PH Sensor
Grove - PIR Motion Sensor,http://wiki.seeed.cc/Grove-PIR_Motion_Sensor/,http://wiki.seeedstudio.com/wiki/Grove - PIR Motion Sensor
Grove - PS/2 Adapter,http://wiki.seeed.cc/Grove-PS_2_Adapter/,http://wiki.seeedstudio.com/wiki/Grove - PS/2 Adapter
Grove - Piezo Vibration Sensor,http://wiki.seeed.cc/Grove-Piezo_Vibration_Sensor/,http://wiki.seeedstudio.com/wiki/Grove_-_Piezo_Vibration_Sensor
Grove - Protoshield,http://wiki.seeed.cc/Grove-Protoshield/,http://wiki.seeedstudio.com/wiki/Grove - Protoshield
Grove - Q Touch Sensor,http://wiki.seeed.cc/Grove-Q_Touch_Sensor/,http://wiki.seeedstudio.com/wiki/Grove_-_Q_Touch_Sensor
Grove - RJ45 Adapter,http://wiki.seeed.cc/Grove-RJ45_Adapter/,http://wiki.seeedstudio.com/wiki/Grove - RJ45 Adapter
Grove - RTC,http://wiki.seeed.cc/Grove-RTC/,http://wiki.seeedstudio.com/wiki/Grove_-_RTC
Grove - Recorder,http://wiki.seeed.cc/Grove_Recorder/,http://wiki.seeedstudio.com/wiki/Grove - Recorder
Grove - Recorder V3,http://wiki.seeed.cc/Grove-Recorder_v3.0/,
Grove - Recorder v2.0,http://wiki.seeed.cc/Grove-Recorder_v2.0/,http://wiki.seeedstudio.com/wiki/Grove_-_Recorder_v2.0
Grove - Red LED,http://wiki.seeed.cc/Grove-Red_LED/,http://wiki.seeedstudio.com/wiki/Grove - Red LED
Grove - Relay,http://wiki.seeed.cc/Grove-Relay/,
Grove - Rotary Angle Sensor,http://wiki.seeed.cc/Grove-Rotary_Angle_Sensor/,http://wiki.seeedstudio.com/wiki/Grove_-_Rotary_Angle_Sensor
Grove - SPDT Relay(30A),http://wiki.seeed.cc/Grove-SPDT_Relay_30A/,http://wiki.seeedstudio.com/wiki/Grove - SPDT Relay(30A)
Grove - Screw Terminal,http://wiki.seeed.cc/Grove-Screw_Terminal/,http://wiki.seeedstudio.com/wiki/Grove - Screw Terminal
Grove - Serial Bluetooth v3.0,http://wiki.seeed.cc/Grove-Serial_Bluetooth_v3.0/,http://wiki.seeedstudio.com/wiki/Grove_-_Serial_Bluetooth_v3.0‏‎
Grove - Serial Camera,http://wiki.seeed.cc/Grove-Serial_Camera/,http://wiki.seeedstudio.com/wiki/Grove_-_Serial_Camera
Grove - Serial Camera Kit,http://wiki.seeed.cc/Grove-Serial_Camera_Kit/,http://wiki.seeedstudio.com/wiki/Grove - Serial Camera Kit
Grove - Serial MP3 Player,http://wiki.seeed.cc/Grove-Serial_MP3_Player/,http://wiki.seeedstudio.com/wiki/Grove_-_Serial_MP3_Player
Grove - Serial RF Pro,http://wiki.seeed.cc/Grove-Serial_RF_Pro/,http://wiki.seeedstudio.com/wiki/Grove - Serial RF Pro
Grove - Servo,http://wiki.seeed.cc/Grove-Servo/,http://wiki.seeedstudio.com/wiki/Grove - Servo
Grove - Slide Potentiometer,http://wiki.seeed.cc/Grove-Slide_Potentiometer/,http://wiki.seeedstudio.com/wiki/Grove_-_Slide_Potentiometer
Grove - Solid State Relay,http://wiki.seeed.cc/Grove-Solid_State_Relay/,http://wiki.seeedstudio.com/wiki/Grove - Solid State Relay
Grove - Sound Recorder,http://wiki.seeed.cc/Grove-Sound_Recorder/,http://wiki.seeedstudio.com/wiki/Grove_-_Sound_Recorder
Grove - Sound Sensor,http://wiki.seeed.cc/Grove-Sound_Sensor/,http://wiki.seeedstudio.com/wiki/Grove_-_Sound_Sensor
Grove - Speaker,http://wiki.seeed.cc/Grove-Speaker/,http://wiki.seeedstudio.com/wiki/Grove_-_Speaker
Grove - Speech Recognizer,http://wiki.seeed.cc/Grove-Speech_Recognizer/,
Grove - Starter Kit Plus,http://wiki.seeed.cc/Grove_Starter_Kit_Plus/,http://wiki.seeedstudio.com/wiki/Grove - Starter Kit Plus
Grove - Starter Kit for LinkIt ONE,http://wiki.seeed.cc/Grove-Starter_Kit_for_LinkIt_ONE/,http://wiki.seeedstudio.com/wiki/Grove_-_Starter_Kit_for_LinkIt_ONE
Grove - Starter Kit for mbed,http://wiki.seeed.cc/Grove-Starter_Kit_for_mbed/,http://wiki.seeedstudio.com/wiki/Grove - Starter Kit for mbed
Grove - Starter Kit v3,http://wiki.seeed.cc/Grove_Starter_Kit_v3/,http://wiki.seeedstudio.com/wiki/Grove - Starter Kit v3
Grove - Sunlight Sensor,http://wiki.seeed.cc/Grove-Sunlight_Sensor/,http://wiki.seeedstudio.com/wiki/Grove - Sunlight Sensor
Grove - Switch(P),http://wiki.seeed.cc/Grove-Switch-P/,http://wiki.seeedstudio.com/wiki/Grove_-_Switch(P)
Grove - Temp&Humi Sensor(SHT31),http://wiki.seeed.cc/Grove-TempAndHumi_Sensor-SHT31/,http://wiki.seeedstudio.com/wiki/Grove_-_Temp&Humi_Sensor(SHT31)
Grove - Temperature Sensor,http://wiki.seeed.cc/Grove-Temperature_Sensor/,http://wiki.seeedstudio.com/wiki/Grove - Temperature Sensor
Grove - Temperature Sensor V1.2,http://wiki.seeed.cc/Grove-Temperature_Sensor_V1.2/,http://wiki.seeedstudio.com/wiki/Grove - Temperature Sensor V1.2
Grove - Temperature and Humidity Sensor Pro,http://wiki.seeed.cc/Grove-Temperature_and_Humidity_Sensor_Pro/,http://wiki.seeedstudio.com/wiki/Grove - Temperature and Humidity Sensor Pro
Grove - Temperature&Humidity Sensor,http://wiki.seeed.cc/Grove-TemperatureAndHumidity_Sensor/,http://wiki.seeedstudio.com/wiki/Grove_-_Temperature&Humidity_Sensor
Grove - Temperature&Humidity Sensor (HDC1000),http://wiki.seeed.cc/Grove-TemperatureAndHumidity_Sensor-HDC1000/,http://wiki.seeedstudio.com/wiki/Grove_-_Temperature&Humidity_Sensor_(HDC1000)
Grove - Temperature&Humidity Sensor (High-Accuracy &Mini) v1.0,http://wiki.seeed.cc/Grove-TemptureAndHumidity_Sensor-High-Accuracy_AndMini-v1.0/,http://wiki.seeedstudio.com/wiki/Grove_-_Tempture&Humidity_Sensor_(High-Accuracy_&Mini)_v1.0
Grove - Thumb Joystick,http://wiki.seeed.cc/Grove-Thumb_Joystick/,http://wiki.seeedstudio.com/wiki/Grove_-_Thumb_Joystick
Grove - Tilt Switch,http://wiki.seeed.cc/Grove-Tilt_Switch/,http://wiki.seeedstudio.com/wiki/Grove_-_Tilt_Switch
Grove - Touch Sensor,http://wiki.seeed.cc/Grove-Touch_Sensor/,http://wiki.seeedstudio.com/wiki/Grove_-_Touch_Sensor
Grove - Toy Kit,http://wiki.seeed.cc/Grove-Toy_Kit/,http://wiki.seeedstudio.com/wiki/Grove - Toy Kit
Grove - UART Wi-Fi,http://wiki.seeed.cc/Grove-UART_Wifi/,
Grove - UV Sensor,http://wiki.seeed.cc/Grove-UV_Sensor/,http://wiki.seeedstudio.com/wiki/Grove_-_UV_Sensor
Grove - Ultrasonic Ranger,http://wiki.seeed.cc/Grove-Ultrasonic_Ranger/,http://wiki.seeedstudio.com/wiki/Grove - Ultrasonic Ranger
Grove - Variable Color LED,http://wiki.seeed.cc/Grove-Variable_Color_LED/,http://wiki.seeedstudio.com/wiki/Grove_-_Variable_Color_LED
Grove - Vibration Motor,http://wiki.seeed.cc/Grove-Vibration_Motor/,http://wiki.seeedstudio.com/wiki/Grove_-_Vibration_Motor
Grove - Voltage Divider,http://wiki.seeed.cc/Grove-Voltage_Divider/,http://wiki.seeedstudio.com/wiki/Grove - Sunlight Sensor
Grove - Water Atomization,http://wiki.seeed.cc/Grove-Water_Atomization/,http://wiki.seeedstudio.com/wiki/Grove_-_Water_Atomization
Grove - Water Sensor,http://wiki.seeed.cc/Grove-Water_Sensor/,http://wiki.seeedstudio.com/wiki/Grove_-_Water_Sensor
Grove - Wrapper,http://wiki.seeed.cc/Grove-Wrapper/,http://wiki.seeedstudio.com/wiki/Grove - Wrapper
Grove - XBee Carrier,http://wiki.seeed.cc/Grove-XBee_Carrier/,http://wiki.seeedstudio.com/wiki/Grove - XBee Carrier
Grove BLE v1,http://wiki.seeed.cc/Grove-BLE_v1/,http://wiki.seeedstudio.com/wiki/Grove_BLE_v1
Grove Base BoosterPack,http://wiki.seeed.cc/Grove_Base_BoosterPack/,http://wiki.seeedstudio.com/wiki/Grove Base BoosterPack
Grove Base Cape for BeagleBone v2,http://wiki.seeed.cc/Grove_Base_Cape_for_BeagleBone_v2/,http://wiki.seeedstudio.com/wiki/Grove Base Cape for BeagleBone v2
Grove Base Shield for NodeMCU V1.0,http://wiki.seeed.cc/Grove_Base_Shield_for_NodeMCU_V1.0/,http://wiki.seeedstudio.com/wiki/Grove Base Shield for NodeMCU V1.0
Grove Base Shield for Photon,http://wiki.seeed.cc/Grove_Base_Shield_for_Photon/,http://wiki.seeedstudio.com/wiki/Grove Base Shield for Photon
Grove BlinkM‏‎,http://wiki.seeed.cc/Grove-BlinkM/,http://wiki.seeedstudio.com/wiki/Grove-BlinkM‏‎
Grove Breakout for LinkIt Smart 7688 Duo,http://wiki.seeed.cc/Grove_Breakout_for_LinkIt_Smart_7688_Duo/,http://wiki.seeedstudio.com/wiki/Grove Breakout for LinkIt Smart 7688 Duo
Grove Cape for BeagleBone Series,http://wiki.seeed.cc/Grove_Cape_for_BeagleBone_Series/,http://wiki.seeedstudio.com/wiki/Grove Cape for BeagleBone Series
Grove Indoor Environment Kit for Edison,http://wiki.seeed.cc/Grove_Indoor_Environment_Kit_for_Edison/,http://wiki.seeedstudio.com/wiki/Grove Indoor Environment Kit for Edison
Grove Introduction,http://wiki.seeed.cc/Grove/,
Grove Inventor Kit for micro:bit,http://wiki.seeed.cc/Grove_Inventor_Kit_for_microbit/,http://wiki.seeedstudio.com/wiki/Grove_Inventor_Kit_for_micro:bit
Grove IoT Developer Kit - Microsoft Azure Edition,http://wiki.seeed.cc/Grove_IoT_Developer_Kit-Microsoft_Azure_Edition/,http://wiki.seeedstudio.com/wiki/Grove IoT Developer Kit - Microsoft Azure Edition
Grove IoT Starter Kits Powered by AWS,http://wiki.seeed.cc/Grove_IoT_Starter_Kits_Powered_by_AWS/,http://wiki.seeedstudio.com/wiki/Grove IoT Starter Kits Powered by AWS
Grove Maker Kit for Intel Joule,http://wiki.seeed.cc/Grove Maker Kit for Intel Joule/,
Grove Serial Bluetooth‏‎,http://wiki.seeed.cc/Grove-Serial_Bluetooth/,http://wiki.seeedstudio.com/wiki/Grove-Serial_Bluetooth‏‎
Grove Serial LCD V1.0‏‎,http://wiki.seeed.cc/Grove-Serial_LCD_V1.0/,http://wiki.seeedstudio.com/wiki/Grove-Serial_LCD_V1.0‏‎
Grove Shield for Intel Joule,http://wiki.seeed.cc/Grove_Shield_for_Intel_Joule/,
Grove Smart Plant Care Kit,http://wiki.seeed.cc/Grove_Smart_Plant_Care_Kit/,http://wiki.seeedstudio.com/wiki/Grove Smart Plant Care Kit
Grove Speech Recognizer Kit for Arduino,http://wiki.seeed.cc/Grove_Speech_Recognizer_Kit_for_Arduino/,http://wiki.seeedstudio.com/wiki/Grove Speech Recognizer Kit for Arduino
Grove Starter Kit for BeagleBone Green,http://wiki.seeed.cc/Grove_Starter_Kit_for_BeagleBone_Green/,http://wiki.seeedstudio.com/wiki/Grove_Starter_Kit_for_BeagleBone_Green
Grove Starter Kit for IoT based on Raspberry Pi,http://wiki.seeed.cc/Grove_Starter_Kit_for_IoT_based_on_Raspberry_Pi/,
Grove Starter kit for Arduino&Genuino 101,http://wiki.seeed.cc/Grove_Starter_kit_for_Arduino_101/,http://wiki.seeedstudio.com/wiki/Grove Starter kit for Arduino&Genuino 101
Grove Starter kit for LinkIt Smart7688 Duo,http://wiki.seeed.cc/Grove_Starter_kit_for_LinkIt_Smart7688_Duo/,http://wiki.seeedstudio.com/wiki/Grove_Starter_kit_for_LinkIt_Smart7688_Duo
Grove System,http://wiki.seeed.cc/Grove_System/,http://wiki.seeedstudio.com/wiki/Grove_System
Grove-Single Axis Analog Gyro‏‎,http://wiki.seeed.cc/Grove-Single_Axis_Analog_Gyro/,http://wiki.seeedstudio.com/wiki/Grove-Single_Axis_Analog_Gyro‏‎
GrovePi+,http://wiki.seeed.cc/GrovePi_Plus/,http://wiki.seeedstudio.com/wiki/GrovePi+
Guide to use demos downloaded from Seeed's Github,http://wiki.seeed.cc/Guide_to_use_demos_downloaded_from_Seeed-s_Github/,http://wiki.seeedstudio.com/wiki/Guide to use demos downloaded from Seeed's Github
Heart Sound Sensor‏‎,http://wiki.seeed.cc/Heart-Sound_Sensor/,http://wiki.seeedstudio.com/wiki/Heart-Sound_sensor‏‎
Hercules Dual 15A 6-20V Motor Controller,http://wiki.seeed.cc/Hercules_Dual_15A_6-20V_Motor_Controller/,http://wiki.seeedstudio.com/wiki/Hercules_Dual_15A_6-20V_Motor_Controller
Home,http://wiki.seeed.cc/index/,
How To Choose The Right Cable,http://wiki.seeed.cc/How_To_Choose_The_Right_Cable/,http://wiki.seeedstudio.com/wiki/How To Choose The Right Cable
How To Use Sketchbook,http://wiki.seeed.cc/How_To_Use_Sketchbook/,http://wiki.seeedstudio.com/wiki/How To Use Sketchbook
How to Add Seeed boards to Arduino IDE,http://wiki.seeed.cc/Seeed_Arduino_Boards/,
How to Chose A Gas Sensor,http://wiki.seeed.cc/How_to_Chose_A_Gas_Sensor/,http://wiki.seeedstudio.com/wiki/How to Chose A Gas Sensor
How to detect finger touch,http://wiki.seeed.cc/How_to_detect_finger_touch/,http://wiki.seeedstudio.com/wiki/How to detect finger touch
How to edit a document,http://wiki.seeed.cc/How_To_Edit_A_Document/,
How to install an Arduino library,http://wiki.seeed.cc/How_to_install_Arduino_Library/,
How to use and write a library,http://wiki.seeed.cc/How_to_use_and_write_a_library/,http://wiki.seeedstudio.com/wiki/How to use and write a library
I2C And I2C Address of Seeed Product,http://wiki.seeed.cc/I2C_And_I2C_Address_of_Seeed_Product/,http://wiki.seeedstudio.com/wiki/I2C And I2C Address of Seeed Product
I2C LCD,http://wiki.seeed.cc/I2C_LCD/,http://wiki.seeedstudio.com/wiki/I2C_LCD
IR Remote,http://wiki.seeed.cc/IR_Remote/,http://wiki.seeedstudio.com/wiki/IR Remote
Intel® Edison and Grove IoT Starter Kit Powered by AWS,http://wiki.seeed.cc/Intel_Edison_and_Grove_IoT_Starter_Kit_Powered_by_AWS/,http://wiki.seeedstudio.com/wiki/Intel® Edison and Grove IoT Starter Kit Powered by AWS
IoT Fast Prototyping Kit S5D9,http://wiki.seeed.cc/IoT_Fast_Prototyping_Kit S5D9/,http://wiki.seeedstudio.com/wiki/IoT Fast Prototyping Kit S5D9
IoT Introduction,http://wiki.seeed.cc/IoT/,
JavaScript for RePhone,http://wiki.seeed.cc/JavaScript_for_RePhone/,http://wiki.seeedstudio.com/wiki/JavaScript_for_RePhone
Joystick Control RGB Led,http://wiki.seeed.cc/Joystick_Control_RGB_Led/,http://wiki.seeedstudio.com/wiki/Joystick Control RGB Led
LCD 16*2 Characters- Green Yellow back light,http://wiki.seeed.cc/LCD_16-2_Characters-Green_Yellow_back_light/,http://wiki.seeedstudio.com/wiki/LCD 16*2 Characters- Green Yellow back light
LCD 8*2 Characters- Blue back light,http://wiki.seeed.cc/LCD_8-2_Characters-Blue_back_light/,http://wiki.seeedstudio.com/wiki/LCD 8*2 Characters- Blue back light
License,http://wiki.seeed.cc/License/,
Light Sensor and LED Bar,http://wiki.seeed.cc/Light_Sensor_and_LED_Bar/,http://wiki.seeedstudio.com/wiki/Light Sensor and LED Bar
LightView 201k Digital display module,http://wiki.seeed.cc/LightView_201k_Digital_display_module/,http://wiki.seeedstudio.com/wiki/LightView 201k Digital display module
LinkIT One and Grove IoT Starter Kit Powered by AWS,http://wiki.seeed.cc/LinkIT_One_and_Grove_IoT_Starter_Kit_Powered_by_AWS/,http://wiki.seeedstudio.com/wiki/LinkIT One and Grove IoT Starter Kit Powered by AWS
LinkIt Introduction,http://wiki.seeed.cc/LinkIt/,
LinkIt ONE,http://wiki.seeed.cc/LinkIt_ONE/,http://wiki.seeedstudio.com/wiki/LinkIt_ONE
LinkIt ONE Tutorial - Analog Interface,http://wiki.seeed.cc/LinkIt_ONE_Tutorial-Analog_Interface/,http://wiki.seeedstudio.com/wiki/LinkIt ONE Tutorial - Analog Interface
LinkIt ONE Tutorial - Colorful World,http://wiki.seeed.cc/LinkIt_ONE_Tutorial-Colorful_World/,http://wiki.seeedstudio.com/wiki/LinkIt ONE Tutorial - Colorful World
LinkIt ONE Tutorial - Get temperature with Webpage,http://wiki.seeed.cc/LinkIt_ONE_Tutorial-Get_temperature_with_Webpage/,http://wiki.seeedstudio.com/wiki/LinkIt ONE Tutorial - Get temperature with Webpage
LinkIt ONE Tutorial - Hello World,http://wiki.seeed.cc/LinkIt_ONE_Tutorial-Hello_World/,http://wiki.seeedstudio.com/wiki/LinkIt ONE Tutorial - Hello World
LinkIt ONE Tutorial - Light Sensor,http://wiki.seeed.cc/LinkIt_ONE_Tutorial-Light-Sensor/,http://wiki.seeedstudio.com/wiki/LinkIt ONE Tutorial - Light Sensor
LinkIt ONE Tutorial - Marquee,http://wiki.seeed.cc/LinkIt_ONE_Tutorial-Marquee/,http://wiki.seeedstudio.com/wiki/LinkIt ONE Tutorial - Marquee
LinkIt ONE Tutorial - Mini Servo,http://wiki.seeed.cc/LinkIt-ONE-Tutorial---Mini-Servo/,http://wiki.seeedstudio.com/wiki/LinkIt ONE Tutorial - Mini Servo
LinkIt ONE Tutorial - Push Button,http://wiki.seeed.cc/LinkIt_ONE_Tutorial-Push_Button/,http://wiki.seeedstudio.com/wiki/LinkIt ONE Tutorial - Push Button
LinkIt ONE Tutorial - SMS control the LED,http://wiki.seeed.cc/LinkIt_ONE_Tutorial-SMS_control_the_LED/,http://wiki.seeedstudio.com/wiki/LinkIt ONE Tutorial - SMS control the LED
LinkIt ONE Tutorial - The Basics,http://wiki.seeed.cc/LinkIt_ONE_Tutorial-The_Basics/,http://wiki.seeedstudio.com/wiki/LinkIt ONE Tutorial - The Basics
LinkIt Smart 7688,http://wiki.seeed.cc/LinkIt_Smart_7688/,
LinkIt Smart 7688 Duo,http://wiki.seeed.cc/LinkIt_Smart_7688_Duo/,
Linkit Connect 7681,http://wiki.seeed.cc/Linkit_Connect_7681/,http://wiki.seeedstudio.com/wiki/Linkit_Connect_7681
Lipo Rider,http://wiki.seeed.cc/Lipo_Rider/,http://wiki.seeedstudio.com/wiki/Lipo_Rider
Lipo Rider Pro,http://wiki.seeed.cc/Lipo_Rider_Pro/,http://wiki.seeedstudio.com/wiki/Lipo_Rider_Pro
Lipo Rider V1.1,http://wiki.seeed.cc/Lipo_Rider_V1.1/,http://wiki.seeedstudio.com/wiki/Lipo_Rider_V1.1
Lipo Rider V1.3,http://wiki.seeed.cc/Lipo_Rider_V1.3/,http://wiki.seeedstudio.com/wiki/Lipo_Rider_V1.3
LoNet 808 - Mini GSM/GPRS + GPS Breakout,http://wiki.seeed.cc/LoNet_808-Mini_GSM_GPRS_Plus_GPS_Breakout/,http://wiki.seeedstudio.com/wiki/LoNet 808 - Mini GSM/GPRS + GPS Breakout
LoRa/LoRaWAN Gateway Kit,http://wiki.seeed.cc/LoRa_LoRaWan_Gateway_Kit/,
Logic_DC_Jack‏‎,http://wiki.seeed.cc/Logic_DC_Jack/,http://wiki.seeedstudio.com/wiki/Logic_DC_Jack‏‎
Lua for RePhone,http://wiki.seeed.cc/Lua_for_RePhone/,http://wiki.seeedstudio.com/wiki/Lua_for_RePhone
M11*1.25 Water Flow Sensor,http://wiki.seeed.cc/M11_1.25_Water_flow_Sensor/,http://wiki.seeedstudio.com/wiki/G14Wate_Sensor.jpg
MakerPro Introduction,http://wiki.seeed.cc/MakerPro/,
Matrix Clock,http://wiki.seeed.cc/Matrix_Clock/,http://wiki.seeedstudio.com/wiki/Matrix Clock
Mbed Shield,http://wiki.seeed.cc/mbed_Shield/,http://wiki.seeedstudio.com/wiki/Mbed Shield
Mesh Bee,http://wiki.seeed.cc/Mesh_Bee/,http://wiki.seeedstudio.com/wiki/Mesh Bee
Mini GSM/GPRS+GPS Breakout SIM808,http://wiki.seeed.cc/Mini_GSM_GPRS_GPS_Breakout_SIM808/,http://wiki.seeedstudio.com/wiki/Mini-GSM-GPRS-GPS-Breakout-SIM808
Mini Soldering Iron,http://wiki.seeed.cc/Mini_Soldering_Iron/,http://wiki.seeedstudio.com/wiki/Mini Soldering Iron
Motor Bridge Cape v1.0,http://wiki.seeed.cc/Motor_Bridge_Cape_v1.0/,http://wiki.seeedstudio.com/wiki/Motor_Bridge_Cape_v1.0
Motor Shield V1.0,http://wiki.seeed.cc/Motor_Shield_V1.0/,http://wiki.seeedstudio.com/wiki/Motor_Shield_V1.0
Motor Shield V2.0,http://wiki.seeed.cc/Motor_Shield_V2.0/,http://wiki.seeedstudio.com/wiki/Motor_Shield_V2.0
Motor Shield‏‎,http://wiki.seeed.cc/Motor_Shield/,http://wiki.seeedstudio.com/wiki/Motor_Shield‏‎
Music Shield,http://wiki.seeed.cc/Music_Shield/,http://wiki.seeedstudio.com/wiki/Music_Shield
Music Shield V1.0‏‎,http://wiki.seeed.cc/Music_Shield_V1.0/,http://wiki.seeedstudio.com/wiki/Music_Shield_V1.0‏‎
Music Shield V2.2,http://wiki.seeed.cc/Music_Shield_V2.2/,http://wiki.seeedstudio.com/wiki/Music_Shield_V2.2
NFC Shield V1.0,http://wiki.seeed.cc/NFC_Shield_V1.0/,http://wiki.seeedstudio.com/wiki/NFC_Shield_V1.0
NFC Shield V2.0,http://wiki.seeed.cc/NFC_Shield_V2.0/,http://wiki.seeedstudio.com/wiki/NFC_Shield_V2.0
NFC Shield‏‎,http://wiki.seeed.cc/NFC_Shield/,http://wiki.seeedstudio.com/wiki/NFC_Shield‏‎
Nose LED Kit,http://wiki.seeed.cc/Nose_LED_Kit/,http://wiki.seeedstudio.com/wiki/Nose LED Kit
Others Introduction,http://wiki.seeed.cc/Others/,
PIR Motion sensor module,http://wiki.seeed.cc/PIR_Motion_sensor_module/,http://wiki.seeedstudio.com/wiki/PIR Motion sensor module
Photo Reflective Sensor,http://wiki.seeed.cc/Photo_Reflective_Sensor/,http://wiki.seeedstudio.com/wiki/Photo Reflective Sensor
Photo interrupter (OS25B10),http://wiki.seeed.cc/Photo_interrupter_OS25B10/,http://wiki.seeedstudio.com/wiki/Photo interrupter (OS25B10)
Piezo Sensor - MiniSense 100,http://wiki.seeed.cc/Piezo_Sensor-MiniSense_100/,http://wiki.seeedstudio.com/wiki/Piezo Sensor - MiniSense 100
Platform Introduction,http://wiki.seeed.cc/Platform/,
Project Eight - Thermostat,http://wiki.seeed.cc/Project_Eight-Thermostat/,http://wiki.seeedstudio.com/wiki/Project Eight - Thermostat
Project Five – Relay Control,http://wiki.seeed.cc/Project_Five-Relay_Control/,http://wiki.seeedstudio.com/wiki/Project Five – Relay Control
Project Four – Noise Maker,http://wiki.seeed.cc/Project_Four-Noise_Maker/,http://wiki.seeedstudio.com/wiki/Project Four – Noise Maker
Project One - Blink,http://wiki.seeed.cc/Project_One-Blink/,http://wiki.seeedstudio.com/wiki/Project One - Blink
Project One - Double Blink,http://wiki.seeed.cc/Project_One-Double_Blink/,http://wiki.seeedstudio.com/wiki/Project One - Double Blink
Project Seven - Temperature,http://wiki.seeed.cc/Project_Seven-Temperature/,http://wiki.seeedstudio.com/wiki/Project Seven - TemperatureProject Seven - Temperature
Project Six – LCD Demonstration,http://wiki.seeed.cc/Project_Six-LCD_Demonstration/,http://wiki.seeedstudio.com/wiki/Project Six – LCD Demonstration
Project Three – Analog Input v1.0b,http://wiki.seeed.cc/Project_Three-Analog_Input_v1b/,http://wiki.seeedstudio.com/wiki/Project Three – Analog Input v1.0b
Project Two - Digital Input v1.0b,http://wiki.seeed.cc/Project_Two-Digital_Input_v1.0b/,http://wiki.seeedstudio.com/wiki/Project Two - Digital Input v1.0b
Project Two – Digital Input,http://wiki.seeed.cc/Project_Two-Digital_Input/,http://wiki.seeedstudio.com/wiki/Project Two – Digital Input
Protoshield Kit for Arduino,http://wiki.seeed.cc/Protoshield_Kit_for_Arduino/,http://wiki.seeedstudio.com/wiki/Protoshield Kit for Arduino
Qi Wireless Charger Transmitter,http://wiki.seeed.cc/Qi_Wireless_Charger_Transmitter/,http://wiki.seeedstudio.com/wiki/Qi Wireless Charger Transmitter
RF Explorer Software,http://wiki.seeed.cc/RF_Explorer_Software/,http://wiki.seeedstudio.com/wiki/RF Explorer Software
RFID Control LED,http://wiki.seeed.cc/RFID_Control_LED/,http://wiki.seeedstudio.com/wiki/RFID Control LED
RFbee V1.1 - Wireless Arduino compatible node,http://wiki.seeed.cc/RFbee_V1.1-Wireless_Arduino_compatible_node/,http://wiki.seeedstudio.com/wiki/RFbee_V1.1_-_Wireless_Arduino_compatible_node
RGBW Stripe WireLess Shield V1.0,http://wiki.seeed.cc/RGBW_Stripe_WireLess_Shield_V1.0/,http://wiki.seeedstudio.com/wiki/RGBW Stripe WireLess Shield V1.0
RS232 Shield,http://wiki.seeed.cc/RS232_Shield/,http://wiki.seeedstudio.com/wiki/RS232_Shield
Rainbow Cube Kit Acrylic Harness,http://wiki.seeed.cc/Rainbow_Cube_Kit_Acrylic_Harness/,http://wiki.seeedstudio.com/wiki/Rainbow Cube Kit Acrylic Harness
Rainbow Cube kit - RGB 4*4*4 (Rainbowduino Compatible),http://wiki.seeed.cc/Rainbow_Cube_kit_RGB_4_4_4_Rainbowduino_Compatible/,http://wiki.seeedstudio.com/wiki/Rainbow Cube kit - RGB 4*4*4 (Rainbowduino Compatible)
Rainbowduino,http://wiki.seeed.cc/Rainbowduino/,http://wiki.seeedstudio.com/wiki/Rainbowduino
Rainbowduino Extension Board v0.9b,http://wiki.seeed.cc/Rainbowduino_Extension_Board_v0.9b/,http://wiki.seeedstudio.com/wiki/Rainbowduino_Extension_Board_v0.9b
Rainbowduino LED driver platform - ATmega328,http://wiki.seeed.cc/Rainbowduino_LED_driver_platform-ATmega328/,http://wiki.seeedstudio.com/wiki/Rainbowduino LED driver platform - ATmega328
Rainbowduino v3.0,http://wiki.seeed.cc/Rainbowduino_v3.0/,http://wiki.seeedstudio.com/wiki/Rainbowduino_v3.0
Raspberry PI B+ Case,http://wiki.seeed.cc/Raspberry_PI_Bplus_Case/,http://wiki.seeedstudio.com/wiki/Raspberry PI B+ Case
Raspberry Pi 3 Model B,http://wiki.seeed.cc/Raspberry_Pi_3_Model_B/,http://wiki.seeedstudio.com/wiki/Raspberry Pi 3 Model B
Raspberry Pi Breakout Board v1.0,http://wiki.seeed.cc/Raspberry_Pi_Breakout_Board_v1.0/,http://wiki.seeedstudio.com/wiki/Raspberry_Pi_Breakout_Board_v1.0
Raspberry Pi Introduction,http://wiki.seeed.cc/Raspberry_Pi/,
Raspberry Pi Motor Driver Board v1.0,http://wiki.seeed.cc/Raspberry_Pi_Motor_Driver_Board_v1.0/,http://wiki.seeedstudio.com/wiki/Raspberry_Pi_Motor_Driver_Board_v1.0
Raspberry Pi RS232 Board v1.0,http://wiki.seeed.cc/Raspberry_Pi_R232_Board_v1.0/,http://wiki.seeedstudio.com/wiki/Raspberry_Pi_R232_Board_v1.0
Raspberry Pi Relay Board v1.0,http://wiki.seeed.cc/Raspberry_Pi_Relay_Board_v1.0/,http://wiki.seeedstudio.com/wiki/Raspberry_Pi_Relay_Board_v1.0
RePhone APIs - Audio,http://wiki.seeed.cc/RePhone_APIs-Audio/,http://wiki.seeedstudio.com/wiki/RePhone_APIs_-_Audio
RePhone Geo Kit,http://wiki.seeed.cc/RePhone_Geo_Kit/,http://wiki.seeedstudio.com/wiki/RePhone Geo Kit
RePhone Introduction,http://wiki.seeed.cc/RePhone/,
RePhone Lumi Kit,http://wiki.seeed.cc/RePhone_Lumi_Kit/,http://wiki.seeedstudio.com/wiki/RePhone Lumi Kit
RePhone Strap Kit for Pebble,http://wiki.seeed.cc/RePhone_Strap_Kit_for_Pebble/,http://wiki.seeedstudio.com/wiki/RePhone Strap Kit for Pebble
ReSpeaker 2-Mics Pi HAT,http://wiki.seeed.cc/Respeaker_2_Mics_Pi_HAT/,
ReSpeaker 4-Mic Array for Raspberry Pi,http://wiki.seeed.cc/ReSpeaker_4_Mic_Array_for_Raspberry_Pi/,
ReSpeaker Core,http://wiki.seeed.cc/Respeaker_Core/,http://wiki.seeedstudio.com/wiki/Respeaker Core
ReSpeaker Drive Unit,http://wiki.seeed.cc/ReSpeaker_Drive_Unit/,http://wiki.seeedstudio.com/wiki/ReSpeaker Drive Unit
ReSpeaker Introduction,http://wiki.seeed.cc/Respeaker/,
ReSpeaker Mic Array,http://wiki.seeed.cc/Respeaker_Mic_Array/,http://wiki.seeedstudio.com/wiki/ReSpeaker Mic Array
Relay Control LED,http://wiki.seeed.cc/Relay_Control_LED/,http://wiki.seeedstudio.com/wiki/Relay Control LED
Relay Shield,http://wiki.seeed.cc/Relay_Shield/,http://wiki.seeedstudio.com/wiki/Relay_Shield
Relay Shield V1.0‏‎,http://wiki.seeed.cc/Relay_Shield_V1/,http://wiki.seeedstudio.com/wiki/Relay-Shield_V1.0‏‎
Relay Shield V2.0,http://wiki.seeed.cc/Relay_Shield_V2/,http://wiki.seeedstudio.com/wiki/Relay_Shield_V2.0
Relay Shield v3.0,http://wiki.seeed.cc/Relay_Shield_v3/,http://wiki.seeedstudio.com/wiki/Relay Shield v3.0
Renbotics ServoShield Rev,http://wiki.seeed.cc/Renbotics_ServoShield_Rev/,http://wiki.seeedstudio.com/wiki/Renbotics ServoShield Rev
Rephone Core 2G-Atmel32u4,http://wiki.seeed.cc/RePhone_core_2G-Atmel32u4/,
Rephone Core 2G-AtmelSAMD21,http://wiki.seeed.cc/Rephone_core_2G-AtmelSAMD21/,
Replacement LCD Screen for DSO nano,http://wiki.seeed.cc/Replacement_LCD_Screen_for_DSO_nano/,http://wiki.seeedstudio.com/wiki/Replacement LCD Screen for DSO nano
Retro Phone Kit,http://wiki.seeed.cc/Retro Phone Kit/,
SD Card Shield,http://wiki.seeed.cc/SD_Card_Shield/,http://wiki.seeedstudio.com/wiki/SD_Card_Shield
SD Card Shield V3.0‏‎,http://wiki.seeed.cc/SD_Card_Shield_V3.0/,http://wiki.seeedstudio.com/wiki/SD_Card_Shield_V3.0‏‎
SD Card shield V4.0,http://wiki.seeed.cc/SD_Card_shield_V4.0/,http://wiki.seeedstudio.com/wiki/SD_Card_shield_V4.0
SDLogger - Open Hardware Data Logger,http://wiki.seeed.cc/SDLogger-Open_Hardware_Data_Logger/,http://wiki.seeedstudio.com/wiki/SDLogger - Open Hardware Data Logger
Scream out loud - 110dBA fixed tone Siren,http://wiki.seeed.cc/Scream_out_loud-110dBA_fixed_tone_Siren/,http://wiki.seeedstudio.com/wiki/Scream out loud - 110dBA fixed tone Siren
Secret Box,http://wiki.seeed.cc/Secret_Box/,http://wiki.seeedstudio.com/wiki/Secret Box
Seeed BLE Shield v1,http://wiki.seeed.cc/Seeed_BLE_Shield/,http://wiki.seeedstudio.com/wiki/Seeed BLE Shield v1
Seeeduino ADK Main Board‏‎,http://wiki.seeed.cc/Seeeduino_ADK_Main_Board/,http://wiki.seeedstudio.com/wiki/Seeeduino_ADK_Main_Board‏‎
Seeeduino Arch,http://wiki.seeed.cc/Seeeduino_Arch/,http://wiki.seeedstudio.com/wiki/Seeeduino_Arch
Seeeduino Arch V1.0,http://wiki.seeed.cc/Seeeduino_Arch_V1.0/,http://wiki.seeedstudio.com/wiki/Seeeduino Arch V1.0
Seeeduino Buying Guide,http://wiki.seeed.cc/Seeeduino_Buying_Guide/,http://wiki.seeedstudio.com/wiki/Seeeduino Buying Guide
Seeeduino Cloud,http://wiki.seeed.cc/Seeeduino_Cloud/,http://wiki.seeedstudio.com/wiki/Seeeduino_Cloud
Seeeduino Cloud and Grove IoT Starter Kit Powered by AWS,http://wiki.seeed.cc/Seeeduino_Cloud_and_Grove_IoT_Starter_Kit_Powered_by_AWS/,http://wiki.seeedstudio.com/wiki/Seeeduino_Cloud_and_Grove_IoT_Starter_Kit_Powered_by_AWS
Seeeduino Ethernet,http://wiki.seeed.cc/Seeeduino_Ethernet/,http://wiki.seeedstudio.com/wiki/Seeeduino Ethernet
Seeeduino GPRS,http://wiki.seeed.cc/Seeeduino_GPRS/,http://wiki.seeedstudio.com/wiki/Seeeduino_GPRS
Seeeduino Lite,http://wiki.seeed.cc/Seeeduino_Lite/,http://wiki.seeedstudio.com/wiki/Seeeduino Lite
Seeeduino LoRaWAN,http://wiki.seeed.cc/Seeeduino_LoRAWAN/,
Seeeduino Lotus,http://wiki.seeed.cc/Seeeduino_Lotus/,http://wiki.seeedstudio.com/wiki/Seeeduino_Lotus_v1.0
Seeeduino Mega,http://wiki.seeed.cc/Seeeduino_Mega/,http://wiki.seeedstudio.com/wiki/Seeeduino_Mega
Seeeduino Mega Protoshield Kit,http://wiki.seeed.cc/Seeeduino_Mega_Protoshield_Kit/,http://wiki.seeedstudio.com/wiki/Seeeduino Mega Protoshield Kit
Seeeduino Stalker V3 - Waterproof Solar Kit,http://wiki.seeed.cc/Seeeduino_Stalker_V3-Waterproof_Solar_Kit/,http://wiki.seeedstudio.com/wiki/Seeeduino Stalker V3 - Waterproof Solar Kit
Seeeduino Stalker V3.1,http://wiki.seeed.cc/Seeeduino_Stalker_V3.1/,
Seeeduino Stalker v1.0,http://wiki.seeed.cc/Seeeduino_Stalker_v1.0/,http://wiki.seeedstudio.com/wiki/Seeeduino_Stalker_v1.0
Seeeduino Stalker v2.3‏‎,http://wiki.seeed.cc/Seeeduino_Stalker_v2.3/,http://wiki.seeedstudio.com/wiki/Seeeduino_Stalker_v2.3‏‎
Seeeduino Stalker v3 enclosure,http://wiki.seeed.cc/Seeeduino_Stalker_v3_enclosure/,http://wiki.seeedstudio.com/wiki/Seeeduino Stalker v3 enclosure
Seeeduino Stalker‏‎,http://wiki.seeed.cc/Seeeduino_Stalker/,http://wiki.seeedstudio.com/wiki/Seeeduino_Stalker‏‎
Seeeduino Stalker‏‎ V3,http://wiki.seeed.cc/Seeeduino-Stalker_v3/,http://wiki.seeedstudio.com/wiki/Seeeduino_Stalker‏‎
Seeeduino V2.2 Atmega 168P,http://wiki.seeed.cc/Seeeduino_V2.2_Atmega-168P/,http://wiki.seeedstudio.com/wiki/Seeeduino_V2.2_Atmega-168P
Seeeduino V2.2‏‎,http://wiki.seeed.cc/Seeeduino_V2.2/,http://wiki.seeedstudio.com/wiki/Seeeduino_V2.2‏‎
Seeeduino v2.21‏‎,http://wiki.seeed.cc/Seeeduino_v2.21/,http://wiki.seeedstudio.com/wiki/Seeeduino_v2.21‏‎
Seeeduino v3.0‏‎,http://wiki.seeed.cc/Seeeduino_v3.0/,http://wiki.seeedstudio.com/wiki/Seeeduino_v3.0‏‎
Seeeduino v4.0‏‎,http://wiki.seeed.cc/Seeeduino_v4.0/,http://wiki.seeedstudio.com/wiki/Seeeduino_v4.0‏‎
Seeeduino v4.2,http://wiki.seeed.cc/Seeeduino_v4.2/,http://wiki.seeedstudio.com/wiki/Seeeduino_v4.2
Seeeduino‏‎,http://wiki.seeed.cc/Seeeduino/,http://wiki.seeedstudio.com/wiki/Seeeduino‏‎
Sensor Introduction,http://wiki.seeed.cc/Sensor/,
Serial port bluetooth module(Master/Slave)‏‎,http://wiki.seeed.cc/Serial_port_bluetooth_module_Master-Slave/,http://wiki.seeedstudio.com/wiki/Serial_port_bluetooth_module_(Master/Slave)‏‎
Service for Fusion PCB,http://wiki.seeed.cc/Service_for_Fusion_PCB/,http://wiki.seeedstudio.com/wiki/Service for Fusion PCB
Shield Bot V1.1,http://wiki.seeed.cc/Shield_Bot_V1.1/,http://wiki.seeedstudio.com/wiki/Shield Bot V1.1
Shield Bot V1.2,http://wiki.seeed.cc/Shield_Bot_V1.2/,http://wiki.seeedstudio.com/wiki/Shield_Bot_V1.2
Shield Introduction,http://wiki.seeed.cc/Shield/,
Shield MaTrix V0.9,http://wiki.seeed.cc/Shield-MaTrix-V0.9b/,http://wiki.seeedstudio.com/wiki/Shield MaTrix V0.9b
Sidekick Advanced Kit‏‎,http://wiki.seeed.cc/Sidekick_Advanced_Kit/,http://wiki.seeedstudio.com/wiki/Sidekick_Advanced_Kit‏‎
Sidekick Basic Kit for Arduino V2,http://wiki.seeed.cc/Sidekick_Basic_Kit_for_Arduino_V2/,http://wiki.seeedstudio.com/wiki/Sidekick Basic Kit for Arduino V2
Sidekick Basic Kit for LinkIt ONE,http://wiki.seeed.cc/Sidekick_Basic_Kit_for_LinkIt_ONE/,http://wiki.seeedstudio.com/wiki/Sidekick Basic Kit for LinkIt ONE
Sidekick Basic Kit for TI LaunchPad,http://wiki.seeed.cc/Sidekick_Basic_Kit_for_TI_LaunchPad/,http://wiki.seeedstudio.com/wiki/Sidekick Basic Kit for TI LaunchPad
Skeleton Bot - 4WD hercules mobile robotic platform,http://wiki.seeed.cc/Skeleton_Bot-4WD_hercules_mobile_robotic_platform/,http://wiki.seeedstudio.com/wiki/Skeleton Bot - 4WD hercules mobile robotic platform
Skeleton Box,http://wiki.seeed.cc/Skeleton_Box/,http://wiki.seeedstudio.com/wiki/Skeleton Box
Skeleton Box (10x7,10x10,17x10),http://wiki.seeed.cc/Skeleton_Box_10x7_10x10_17x10/,http://wiki.seeedstudio.com/wiki/Skeleton Box (10x7,10x10,17x10)
Skeleton Box for Raspberry Pi Compute Module Development Kit,http://wiki.seeed.cc/Skeleton_Box_for_Raspberry_Pi_Compute_Module_Development_Kit/,http://wiki.seeedstudio.com/wiki/Skeleton Box for Raspberry Pi Compute Module Development Kit
Skeleton box for Beaglebone,http://wiki.seeed.cc/Skeleton_box_for_Beaglebone/,http://wiki.seeedstudio.com/wiki/Skeleton box for Beaglebone
Skeleton box for Raspberry Pi,http://wiki.seeed.cc/Skeleton_box_for_Rasberry_Pi/,http://wiki.seeedstudio.com/wiki/Skeleton box for Raspberry Pi
Sketchbook of Sidekick Advanced Kit,http://wiki.seeed.cc/Sketchbook_of_Sidekick_Advanced_Kit/,http://wiki.seeedstudio.com/wiki/Sketchbook of Sidekick Advanced Kit
Small e-Paper Shield V2,http://wiki.seeed.cc/Small_e-Paper_Shield_V2/,http://wiki.seeedstudio.com/wiki/Small e-Paper Shield V2
Small e-Paper Shield‏‎,http://wiki.seeed.cc/Small_e-Paper_Shield/,http://wiki.seeedstudio.com/wiki/Small_e-Paper_Shield‏‎
Solar Charger Shield V2.2,http://wiki.seeed.cc/Solar_Charger_Shield_V2.2/,http://wiki.seeedstudio.com/wiki/Solar Charger Shield V2.2
Solar Charger Shield‏‎,http://wiki.seeed.cc/Solar_Charger_Shield/,http://wiki.seeedstudio.com/wiki/Solar_Charger_Shield‏‎
Sound Sensor And LED Bar,http://wiki.seeed.cc/Sound_Sensor_And_LED_Bar/,http://wiki.seeedstudio.com/wiki/Sound Sensor And LED Bar
Starter bundle harness V1.0,http://wiki.seeed.cc/Starter_bundle_harness_V1/,http://wiki.seeedstudio.com/wiki/Starter bundle harness V1.0
Starter_Shield_EN,http://wiki.seeed.cc/Starter_Shield_EN/,http://wiki.seeedstudio.com/wiki/Seeeduino_Stalker‏‎
Stepper Motor Driver,http://wiki.seeed.cc/Stepper_Motor_Driver/,http://wiki.seeedstudio.com/wiki/Stepper_Motor_Driver‏‎
Stepper Motor Driver v2.3‏‎,http://wiki.seeed.cc/Stepper_Motor_Driver_v2.3/,http://wiki.seeedstudio.com/wiki/Stepper_Motor_Driver_v2.3‏‎
Suli,http://wiki.seeed.cc/Suli/,http://wiki.seeedstudio.com/wiki/Suli
TFT Touch Shield V1.0‏‎,http://wiki.seeed.cc/TFT_Touch_Shield_V1.0/,http://wiki.seeedstudio.com/wiki/TFT_Touch_Shield_V1.0‏‎
Techbox Tricks‏‎,http://wiki.seeed.cc/Techbox_Tricks/,http://wiki.seeedstudio.com/wiki/Techbox_Tricks‏‎
Temperature Sensor,http://wiki.seeed.cc/temperature_sensor/,http://wiki.seeedstudio.com/wiki/Temperature Sensor
Things We Make,http://wiki.seeed.cc/Things_We_Make/,
Tiny BLE,http://wiki.seeed.cc/Tiny_BLE/,http://wiki.seeedstudio.com/wiki/Tiny BLE
Tricycle Bot,http://wiki.seeed.cc/Tricycle_Bot/,
Tutorial Introduction,http://wiki.seeed.cc/Tutorial/,
USB To Uart 3V3‏‎,http://wiki.seeed.cc/USB_To_Uart_3V3/,http://wiki.seeedstudio.com/wiki/USB_To_Uart_3V3‏‎
USB To Uart 5V,http://wiki.seeed.cc/USB_To_Uart_5V/,http://wiki.seeedstudio.com/wiki/USB To Uart 5V
USB To Uart 5V/3V3,http://wiki.seeed.cc/USB_To_Uart_5V_3V3/,http://wiki.seeedstudio.com/wiki/USB To Uart 5V/3V3
UartSB Frame‏‎,http://wiki.seeed.cc/UartSB_Frame/,http://wiki.seeedstudio.com/wiki/UartSB_Frame‏‎
UartSBee V3.1,http://wiki.seeed.cc/UartSBee_V3.1/,http://wiki.seeedstudio.com/wiki/UartSBee_V3.1
UartSBee V4,http://wiki.seeed.cc/UartSBee_V4/,http://wiki.seeedstudio.com/wiki/UartSBee V4
UartSBee v5,http://wiki.seeed.cc/UartSBee_v5/,http://wiki.seeedstudio.com/wiki/UartSBee_v5
Ultra Sonic range measurement module,http://wiki.seeed.cc/Ultra_Sonic_range_measurement_module/,http://wiki.seeedstudio.com/wiki/Ultra Sonic range measurement module
Unibody box for Galileo Gen2,http://wiki.seeed.cc/Unibody_box_for_Galileo_Gen2/,http://wiki.seeedstudio.com/wiki/Unibody box for Galileo Gen2
Upload Code,http://wiki.seeed.cc/Upload_Code/,http://wiki.seeedstudio.com/wiki/Upload Code
Use External Editor,http://wiki.seeed.cc/Use_External_Editor/,http://wiki.seeedstudio.com/wiki/Use External Editor
W5500 Ethernet Shield v1.0,http://wiki.seeed.cc/W5500_Ethernet_Shield_v1.0/,http://wiki.seeedstudio.com/wiki/W5500_Ethernet_Shield_v1.0
WIFI Shield‏‎,http://wiki.seeed.cc/Wifi_Shield/,http://wiki.seeedstudio.com/wiki/WIFI_Shield‏‎
Weight Sensor (Load Cell)0-500g,http://wiki.seeed.cc/Weight_Sensor_Load_Cell_0-500g/,http://wiki.seeedstudio.com/wiki/Weight Sensor (Load Cell)0-500g
WiFi Serial Transceiver Module,http://wiki.seeed.cc/WiFi_Serial_Transceiver_Module/,http://wiki.seeedstudio.com/wiki/WiFi Serial Transceiver Module
Wifi Bee v2.0,http://wiki.seeed.cc/Wifi_Bee_v2.0/,http://wiki.seeedstudio.com/wiki/Wifi Bee v2.0
Wifi Bee‏‎,http://wiki.seeed.cc/Wifi_Bee/,http://wiki.seeedstudio.com/wiki/Wifi_Bee‏‎
Wifi Shield (Fi250) V1.1,http://wiki.seeed.cc/Wifi_Shield_Fi250_V1.1/,http://wiki.seeedstudio.com/wiki/Wifi Shield (Fi250) V1.1
Wifi Shield V1.0‏‎,http://wiki.seeed.cc/Wifi_Shield_V1.0/,http://wiki.seeedstudio.com/wiki/Wifi_Shield_V1.0‏‎
Wifi Shield V1.1‏‎,http://wiki.seeed.cc/Wifi_Shield_V1.1/,http://wiki.seeedstudio.com/wiki/Wifi_Shield_V1.1‏‎
Wifi Shield V1.2,http://wiki.seeed.cc/Wifi_Shield_V1.2/,http://wiki.seeedstudio.com/wiki/Wifi_shield_v1.2
Wifi Shield V2.0,http://wiki.seeed.cc/Wifi_Shield_V2.0/,http://wiki.seeedstudio.com/wiki/Wifi_Shield_V2.0
Wio Introduction,http://wiki.seeed.cc/Wio/,
Wio LTE - 4G, Cat.1,http://wiki.seeed.cc/Wio LTE - 4G, Cat.1/,
Wio Link,http://wiki.seeed.cc/Wio_Link/,http://wiki.seeedstudio.com/wiki/Wio_Link
Wio Link Bootcamp Kit,http://wiki.seeed.cc/Wio_Link_Bootcamp_Kit/,http://wiki.seeedstudio.com/wiki/Wio_Link_Bootcamp_Kit
Wio Link Deluxe Kit,http://wiki.seeed.cc/Wio_Link_Deluxe_Kit/,http://wiki.seeedstudio.com/wiki/Wio_Link_Deluxe_Kit
Wio Link Deluxe Plus Kit,http://wiki.seeed.cc/Wio_Link_Deluxe_Plus_Kit/,http://wiki.seeedstudio.com/wiki/Wio_Link_Deluxe_Plus_Kit
Wio Link Environment Kit,http://wiki.seeed.cc/Wio_Link_Environment_Kit/,http://wiki.seeedstudio.com/wiki/Wio_Link_Environment_Kit
Wio Link Event Kit,http://wiki.seeed.cc/Wio_Link_Event_Kit/,http://wiki.seeedstudio.com/wiki/Wio_Link_Event_Kit
Wio Link Starter Kit,http://wiki.seeed.cc/Wio_Link_Starter_Kit/,http://wiki.seeedstudio.com/wiki/Wio_Link_Starter_Kit
Wio Node,http://wiki.seeed.cc/Wio_Node/,http://wiki.seeedstudio.com/wiki/Wio_Node
Wio Tracker - GPS, BT3.0, GSM, Arduino Compatible,http://wiki.seeed.cc/wio_gps_board/,
Wio_Tracker Introduction,http://wiki.seeed.cc/Wio_Tracker/,
WireLess Gate Shield V1.0,http://wiki.seeed.cc/WireLess_Gate_Shield_V1.0/,http://wiki.seeedstudio.com/wiki/WireLess Gate Shield V1.0
Wireless Introduction,http://wiki.seeed.cc/Wireless/,
Wireless Sensor Node - Solar Kit,http://wiki.seeed.cc/Wireless_Sensor_Node-Solar_Kit/,http://wiki.seeedstudio.com/wiki/Wireless Sensor Node - Solar Kit
XBee Shield,http://wiki.seeed.cc/XBee_Shield/,http://wiki.seeedstudio.com/wiki/XBee-Shield
XBee Shield V2.0,http://wiki.seeed.cc/XBee_Shield_V2.0/,http://wiki.seeedstudio.com/wiki/XBee Shield V2.0
Xadow - 3-Axis Accelerometer,http://wiki.seeed.cc/Xadow_3_Aixs_Accelerometer/,http://wiki.seeedstudio.com/wiki/Xadow - 3-Axis Accelerometer
Xadow - 3-Axis Digital Accelerometer(±400g),http://wiki.seeed.cc/Xadow_3_Aixs_Digital_Accelerometer_plusandminus_400g/,http://wiki.seeedstudio.com/wiki/Xadow - 3-Axis Digital Accelerometer(±400g)
Xadow - BLE (Dual Model) v1.0,http://wiki.seeed.cc/Xadow_BLE_Dual_Model_V1.0/,http://wiki.seeedstudio.com/wiki/Xadow - BLE (dual model) v1.0
Xadow - BLE Slave,http://wiki.seeed.cc/Xadow_BLE_Slave/,http://wiki.seeedstudio.com/wiki/Xadow - BLE  Slave
Xadow - Breakout,http://wiki.seeed.cc/Xadow_Breakout/,http://wiki.seeedstudio.com/wiki/Xadow - Breakout
Xadow - Buzzer,http://wiki.seeed.cc/Xadow_Buzzer/,http://wiki.seeedstudio.com/wiki/Xadow - Buzzer
Xadow - Compass,http://wiki.seeed.cc/Xadow_Compass/,http://wiki.seeedstudio.com/wiki/Xadow - Compass
Xadow - Edison Kit,http://wiki.seeed.cc/Xadow_Edison_Kit/,http://wiki.seeedstudio.com/wiki/Xadow - Edison Kit
Xadow - GPS,http://wiki.seeed.cc/Xadow_GPS/,http://wiki.seeedstudio.com/wiki/Xadow - GPS
Xadow - Gesture v1.0,http://wiki.seeed.cc/Xadow_Gesture_v1.0/,http://wiki.seeedstudio.com/wiki/Xadow - Gesture v1.0
Xadow - Grove Adaptor,http://wiki.seeed.cc/Xadow_Grove_Adaptor/,http://wiki.seeedstudio.com/wiki/Xadow - Grove Adaptor
Xadow - IMU 10DOF,http://wiki.seeed.cc/Xadow_IMU_10DOF/,http://wiki.seeedstudio.com/wiki/Xadow - IMU 10DOF
Xadow - IMU 6DOF,http://wiki.seeed.cc/Xadow_IMU_6DOF/,http://wiki.seeedstudio.com/wiki/Xadow - IMU 6DOF
Xadow - IMU 9DOF,http://wiki.seeed.cc/Xadow_IMU_9DOF/,http://wiki.seeedstudio.com/wiki/Xadow - IMU 9DOF
Xadow - LED 5x7,http://wiki.seeed.cc/Xadow_LED_5x7/,http://wiki.seeedstudio.com/wiki/Xadow - LED 5x7
Xadow - LED 5x7 v1.0,http://wiki.seeed.cc/Xadow_LED_5_multiply_7_v1.0/,http://wiki.seeedstudio.com/wiki/Xadow - LED 5x7
Xadow - M0,http://wiki.seeed.cc/Xadow_M0/,http://wiki.seeedstudio.com/wiki/Xadow - M0
Xadow - Main Board,http://wiki.seeed.cc/Xadow_Main_Board/,http://wiki.seeedstudio.com/wiki/Xadow - Main Board
Xadow - Motor Driver,http://wiki.seeed.cc/Xadow_Motor_Driver/,http://wiki.seeedstudio.com/wiki/Xadow - Motor Driver
Xadow - Multichannel Gas Sensor,http://wiki.seeed.cc/Xadow_Multichannel_Gas_Sensor/,http://wiki.seeedstudio.com/wiki/Xadow - Multichannel Gas Sensor
Xadow - NFC Tag,http://wiki.seeed.cc/Xadow_NFC_tag/,http://wiki.seeedstudio.com/wiki/Xadow - NFC Tag
Xadow - OLED 128*64,http://wiki.seeed.cc/Xado_OLED_128multiply64/,http://wiki.seeedstudio.com/wiki/Xadow - OLED 128*64
Xadow - RGB OLED 96*64,http://wiki.seeed.cc/Xadow_RGB_OLED_96multiply64/,http://wiki.seeedstudio.com/wiki/Xadow - RGB OLED 96*64
Xadow - RTC,http://wiki.seeed.cc/Xadow_RTC/,http://wiki.seeedstudio.com/wiki/Xadow - RTC
Xadow - Storage,http://wiki.seeed.cc/Xadow_Storage/,http://wiki.seeedstudio.com/wiki/Xadow - Storage
Xadow - UV Sensor,http://wiki.seeed.cc/Xadow_UV_Sensor/,http://wiki.seeedstudio.com/wiki/Xadow - UV Sensor
Xadow - Vibrator Motor,http://wiki.seeed.cc/Xadow_Vibrator_Motor/,http://wiki.seeedstudio.com/wiki/Xadow - Vibrator Motor
Xadow 1.54'' Touchscreen,http://wiki.seeed.cc/Xadow_1.54_inch_Touchscreen/,http://wiki.seeedstudio.com/wiki/Xadow 1.54'' Touchscreen
Xadow Audio,http://wiki.seeed.cc/Xadow_Audio/,http://wiki.seeedstudio.com/wiki/Xadow Audio
Xadow BLE,http://wiki.seeed.cc/Xadow_BLE/,http://wiki.seeedstudio.com/wiki/Xadow - BLE
Xadow Barometer,http://wiki.seeed.cc/Xadow_Barometer/,http://wiki.seeedstudio.com/wiki/Xadow Barometer
Xadow Barometer BMP180,http://wiki.seeed.cc/Xadow_Barometer_BMP180/,http://wiki.seeedstudio.com/wiki/Xadow - Barometer BMP180
Xadow Basic Sensors,http://wiki.seeed.cc/Xadow_Basic_Sensors/,http://wiki.seeedstudio.com/wiki/Xadow - Basic Sensors
Xadow Duino,http://wiki.seeed.cc/Xadow_Duino/,http://wiki.seeedstudio.com/wiki/Xadow Duino
Xadow GPS V2,http://wiki.seeed.cc/Xadow_GPS_V2/,http://wiki.seeedstudio.com/wiki/Xadow GPS V2
Xadow GSM Breakout,http://wiki.seeed.cc/Xadow_GSM_Breakout/,http://wiki.seeedstudio.com/wiki/Xadow GSM Breakout
Xadow GSM+BLE,http://wiki.seeed.cc/Xadow_GSMPlusBLE/,http://wiki.seeedstudio.com/wiki/Xadow_GSM+BLE
Xadow IO pin mapping,http://wiki.seeed.cc/Xadow_IO_pin_mapping/,http://wiki.seeedstudio.com/wiki/Xadow IO pin mapping
Xadow Metal Frame,http://wiki.seeed.cc/Xadow_Metal_Frame/,http://wiki.seeedstudio.com/wiki/Xadow Metal Frame
Xadow NFC,http://wiki.seeed.cc/Xadow_NFC/,http://wiki.seeedstudio.com/wiki/Xadow - NFC
Xadow Pebble Time Adapter,http://wiki.seeed.cc/Xadow_Pebble_Time_Adapter/,http://wiki.seeedstudio.com/wiki/Xadow_Pebble_Time_Adapter
Xadow Tutorial - Acceleration Detector,http://wiki.seeed.cc/Xadow_Tutorial_Acceleration_Detector/,http://wiki.seeedstudio.com/wiki/Xadow tutorial-Acceleration detector
Xadow Tutorial - Communicate via BLE,http://wiki.seeed.cc/Xadow_Tutorial_Communicate_via_BLE/,http://wiki.seeedstudio.com/wiki/Xadow tutorial-Communicate via BLE
Xadow Wearable Kit For Edison,http://wiki.seeed.cc/Xadow_Wearable_Kit_For_Edison/,http://wiki.seeedstudio.com/wiki/Xadow Wearable Kit For Edison
Xadow-Q Touch Sensor,http://wiki.seeed.cc/Xadow_Q_Touch_Sensor/,http://wiki.seeedstudio.com/wiki/Xadow-Q Touch Sensor
XadowTtutorial-Shaking Shaking,http://wiki.seeed.cc/Xadow_Tutorial_Shaking_Shaking/,http://wiki.seeedstudio.com/wiki/Xadow tutorial-shaking shaking
Zigbee Networking with XBee Series 2 and Seeed's Products,http://wiki.seeed.cc/Zigbee_Networking_with_XBee_Series_2_and_Seeeds_Products/,http://wiki.seeedstudio.com/wiki/Zigbee Networking with XBee Series 2 and Seeed's Products
mbed Introduction,http://wiki.seeed.cc/mbed/,
survey_end,http://wiki.seeed.cc/survey_end/,




